dataset_id,modality,population,label,label_name,orig_split,split,path,domain
neo_skin_core,skin,neonate,1,jaundice,,test,/kaggle/input/datasets/aiolapo/jaundice-image-data/jaundice/jaundice (1).jpg,0
neo_skin_core,skin,neonate,1,jaundice,,train,/kaggle/input/datasets/aiolapo/jaundice-image-data/jaundice/jaundice (10).jpg,0
neo_skin_core,skin,neonate,1,jaundice,,test,/kaggle/input/datasets/aiolapo/jaundice-image-data/jaundice/jaundice (100).jpg,0
neo_skin_core,skin,neonate,1,jaundice,,train,/kaggle/input/datasets/aiolapo/jaundice-image-data/jaundice/jaundice (101).jpg,0
neo_skin_core,skin,neonate,1,jaundice,,train,/kaggle/input/datasets/aiolapo/jaundice-image-data/jaundice/jaundice (102).jpg,0
neo_skin_core,skin,neonate,1,jaundice,,train,/kaggle/input/datasets/aiolapo/jaundice-image-data/jaundice/jaundice (103).jpg,0
neo_skin_core,skin,neonate,1,jaundice,,train,/kaggle/input/datasets/aiolapo/jaundice-image-data/jaundice/jaundice (104).jpg,0
neo_skin_core,skin,neonate,1,jaundice,,test,/kaggle/input/datasets/aiolapo/jaundice-image-data/jaundice/jaundice (105).jpg,2
neo_skin_core,skin,neonate,1,jaundice,,train,/kaggle/input/datasets/aiolapo/jaundice-image-data/jaundice/jaundice (106).jpg,0
neo_skin_core,skin,neonate,1,jaundice,,train,/kaggle/input/datasets/aiolapo/jaundice-image-data/jaundice/jaundice (107).jpg,2
neo_skin_core,skin,neonate,1,jaundice,,train,/kaggle/input/datasets/aiolapo/jaundice-image-data/jaundice/jaundice (108).jpg,0
neo_skin_core,skin,neonate,1,jaundice,,train,/kaggle/input/datasets/aiolapo/jaundice-image-data/jaundice/jaundice (109).jpg,0
neo_skin_core,skin,neonate,1,jaundice,,test,/kaggle/input/datasets/aiolapo/jaundice-image-data/jaundice/jaundice (11).jpg,0
neo_skin_core,skin,neonate,1,jaundice,,train,/kaggle/input/datasets/aiolapo/jaundice-image-data/jaundice/jaundice (110).jpg,0
neo_skin_core,skin,neonate,1,jaundice,,train,/kaggle/input/datasets/aiolapo/jaundice-image-data/jaundice/jaundice (111).jpg,0
neo_skin_core,skin,neonate,1,jaundice,,train,/kaggle/input/datasets/aiolapo/jaundice-image-data/jaundice/jaundice (112).jpg,1
neo_skin_core,skin,neonate,1,jaundice,,train,/kaggle/input/datasets/aiolapo/jaundice-image-data/jaundice/jaundice (113).jpg,1
neo_skin_core,skin,neonate,1,jaundice,,train,/kaggle/input/datasets/aiolapo/jaundice-image-data/jaundice/jaundice (114).jpg,0
neo_skin_core,skin,neonate,1,jaundice,,train,/kaggle/input/datasets/aiolapo/jaundice-image-data/jaundice/jaundice (115).jpg,0
neo_skin_core,skin,neonate,1,jaundice,,train,/kaggle/input/datasets/aiolapo/jaundice-image-data/jaundice/jaundice (116).jpg,0
neo_skin_core,skin,neonate,1,jaundice,,train,/kaggle/input/datasets/aiolapo/jaundice-image-data/jaundice/jaundice (117).jpg,0
neo_skin_core,skin,neonate,1,jaundice,,train,/kaggle/input/datasets/aiolapo/jaundice-image-data/jaundice/jaundice (118).jpg,0
neo_skin_core,skin,neonate,1,jaundice,,train,/kaggle/input/datasets/aiolapo/jaundice-image-data/jaundice/jaundice (119).jpg,0
neo_skin_core,skin,neonate,1,jaundice,,val,/kaggle/input/datasets/aiolapo/jaundice-image-data/jaundice/jaundice (12).jpg,0
neo_skin_core,skin,neonate,1,jaundice,,test,/kaggle/input/datasets/aiolapo/jaundice-image-data/jaundice/jaundice (120).jpg,0
neo_skin_core,skin,neonate,1,jaundice,,train,/kaggle/input/datasets/aiolapo/jaundice-image-data/jaundice/jaundice (121).jpg,0
neo_skin_core,skin,neonate,1,jaundice,,train,/kaggle/input/datasets/aiolapo/jaundice-image-data/jaundice/jaundice (122).jpg,0
neo_skin_core,skin,neonate,1,jaundice,,train,/kaggle/input/datasets/aiolapo/jaundice-image-data/jaundice/jaundice (123).jpg,0
neo_skin_core,skin,neonate,1,jaundice,,val,/kaggle/input/datasets/aiolapo/jaundice-image-data/jaundice/jaundice (124).jpg,2
neo_skin_core,skin,neonate,1,jaundice,,val,/kaggle/input/datasets/aiolapo/jaundice-image-data/jaundice/jaundice (125).jpg,2
neo_skin_core,skin,neonate,1,jaundice,,train,/kaggle/input/datasets/aiolapo/jaundice-image-data/jaundice/jaundice (126).jpg,0
neo_skin_core,skin,neonate,1,jaundice,,train,/kaggle/input/datasets/aiolapo/jaundice-image-data/jaundice/jaundice (127).jpg,0
neo_skin_core,skin,neonate,1,jaundice,,train,/kaggle/input/datasets/aiolapo/jaundice-image-data/jaundice/jaundice (128).jpg,0
neo_skin_core,skin,neonate,1,jaundice,,train,/kaggle/input/datasets/aiolapo/jaundice-image-data/jaundice/jaundice (129).jpg,0
neo_skin_core,skin,neonate,1,jaundice,,train,/kaggle/input/datasets/aiolapo/jaundice-image-data/jaundice/jaundice (13).jpg,1
neo_skin_core,skin,neonate,1,jaundice,,train,/kaggle/input/datasets/aiolapo/jaundice-image-data/jaundice/jaundice (130).jpg,0
neo_skin_core,skin,neonate,1,jaundice,,train,/kaggle/input/datasets/aiolapo/jaundice-image-data/jaundice/jaundice (131).jpg,0
neo_skin_core,skin,neonate,1,jaundice,,train,/kaggle/input/datasets/aiolapo/jaundice-image-data/jaundice/jaundice (132).jpg,0
neo_skin_core,skin,neonate,1,jaundice,,train,/kaggle/input/datasets/aiolapo/jaundice-image-data/jaundice/jaundice (133).jpg,0
neo_skin_core,skin,neonate,1,jaundice,,train,/kaggle/input/datasets/aiolapo/jaundice-image-data/jaundice/jaundice (134).jpg,0
neo_skin_core,skin,neonate,1,jaundice,,test,/kaggle/input/datasets/aiolapo/jaundice-image-data/jaundice/jaundice (135).jpg,0
neo_skin_core,skin,neonate,1,jaundice,,train,/kaggle/input/datasets/aiolapo/jaundice-image-data/jaundice/jaundice (136).jpg,0
neo_skin_core,skin,neonate,1,jaundice,,train,/kaggle/input/datasets/aiolapo/jaundice-image-data/jaundice/jaundice (137).jpg,0
neo_skin_core,skin,neonate,1,jaundice,,test,/kaggle/input/datasets/aiolapo/jaundice-image-data/jaundice/jaundice (138).jpg,0
neo_skin_core,skin,neonate,1,jaundice,,train,/kaggle/input/datasets/aiolapo/jaundice-image-data/jaundice/jaundice (139).jpg,2
neo_skin_core,skin,neonate,1,jaundice,,val,/kaggle/input/datasets/aiolapo/jaundice-image-data/jaundice/jaundice (14).jpg,2
neo_skin_core,skin,neonate,1,jaundice,,train,/kaggle/input/datasets/aiolapo/jaundice-image-data/jaundice/jaundice (140).jpg,2
neo_skin_core,skin,neonate,1,jaundice,,train,/kaggle/input/datasets/aiolapo/jaundice-image-data/jaundice/jaundice (141).jpg,2
neo_skin_core,skin,neonate,1,jaundice,,train,/kaggle/input/datasets/aiolapo/jaundice-image-data/jaundice/jaundice (142).jpg,0
neo_skin_core,skin,neonate,1,jaundice,,test,/kaggle/input/datasets/aiolapo/jaundice-image-data/jaundice/jaundice (143).jpg,2
neo_skin_core,skin,neonate,1,jaundice,,train,/kaggle/input/datasets/aiolapo/jaundice-image-data/jaundice/jaundice (144).jpg,2
neo_skin_core,skin,neonate,1,jaundice,,val,/kaggle/input/datasets/aiolapo/jaundice-image-data/jaundice/jaundice (145).jpg,2
neo_skin_core,skin,neonate,1,jaundice,,train,/kaggle/input/datasets/aiolapo/jaundice-image-data/jaundice/jaundice (146).jpg,0
neo_skin_core,skin,neonate,1,jaundice,,train,/kaggle/input/datasets/aiolapo/jaundice-image-data/jaundice/jaundice (147).jpg,1
neo_skin_core,skin,neonate,1,jaundice,,train,/kaggle/input/datasets/aiolapo/jaundice-image-data/jaundice/jaundice (148).jpg,1
neo_skin_core,skin,neonate,1,jaundice,,train,/kaggle/input/datasets/aiolapo/jaundice-image-data/jaundice/jaundice (149).jpg,2
neo_skin_core,skin,neonate,1,jaundice,,train,/kaggle/input/datasets/aiolapo/jaundice-image-data/jaundice/jaundice (15).jpg,2
neo_skin_core,skin,neonate,1,jaundice,,train,/kaggle/input/datasets/aiolapo/jaundice-image-data/jaundice/jaundice (150).jpg,0
neo_skin_core,skin,neonate,1,jaundice,,train,/kaggle/input/datasets/aiolapo/jaundice-image-data/jaundice/jaundice (151).jpg,0
neo_skin_core,skin,neonate,1,jaundice,,train,/kaggle/input/datasets/aiolapo/jaundice-image-data/jaundice/jaundice (152).jpg,0
neo_skin_core,skin,neonate,1,jaundice,,train,/kaggle/input/datasets/aiolapo/jaundice-image-data/jaundice/jaundice (153).jpg,0
neo_skin_core,skin,neonate,1,jaundice,,val,/kaggle/input/datasets/aiolapo/jaundice-image-data/jaundice/jaundice (154).jpg,0
neo_skin_core,skin,neonate,1,jaundice,,train,/kaggle/input/datasets/aiolapo/jaundice-image-data/jaundice/jaundice (155).jpg,1
neo_skin_core,skin,neonate,1,jaundice,,test,/kaggle/input/datasets/aiolapo/jaundice-image-data/jaundice/jaundice (156).jpg,0
neo_skin_core,skin,neonate,1,jaundice,,train,/kaggle/input/datasets/aiolapo/jaundice-image-data/jaundice/jaundice (157).jpg,0
neo_skin_core,skin,neonate,1,jaundice,,test,/kaggle/input/datasets/aiolapo/jaundice-image-data/jaundice/jaundice (158).jpg,1
neo_skin_core,skin,neonate,1,jaundice,,train,/kaggle/input/datasets/aiolapo/jaundice-image-data/jaundice/jaundice (159).jpg,0
neo_skin_core,skin,neonate,1,jaundice,,test,/kaggle/input/datasets/aiolapo/jaundice-image-data/jaundice/jaundice (16).jpg,0
neo_skin_core,skin,neonate,1,jaundice,,train,/kaggle/input/datasets/aiolapo/jaundice-image-data/jaundice/jaundice (160).jpg,0
neo_skin_core,skin,neonate,1,jaundice,,val,/kaggle/input/datasets/aiolapo/jaundice-image-data/jaundice/jaundice (161).jpg,0
neo_skin_core,skin,neonate,1,jaundice,,train,/kaggle/input/datasets/aiolapo/jaundice-image-data/jaundice/jaundice (162).jpg,0
neo_skin_core,skin,neonate,1,jaundice,,train,/kaggle/input/datasets/aiolapo/jaundice-image-data/jaundice/jaundice (163).jpg,0
neo_skin_core,skin,neonate,1,jaundice,,train,/kaggle/input/datasets/aiolapo/jaundice-image-data/jaundice/jaundice (164).jpg,0
neo_skin_core,skin,neonate,1,jaundice,,train,/kaggle/input/datasets/aiolapo/jaundice-image-data/jaundice/jaundice (165).jpg,0
neo_skin_core,skin,neonate,1,jaundice,,train,/kaggle/input/datasets/aiolapo/jaundice-image-data/jaundice/jaundice (166).jpg,0
neo_skin_core,skin,neonate,1,jaundice,,val,/kaggle/input/datasets/aiolapo/jaundice-image-data/jaundice/jaundice (167).jpg,1
neo_skin_core,skin,neonate,1,jaundice,,train,/kaggle/input/datasets/aiolapo/jaundice-image-data/jaundice/jaundice (168).jpg,0
neo_skin_core,skin,neonate,1,jaundice,,train,/kaggle/input/datasets/aiolapo/jaundice-image-data/jaundice/jaundice (169).jpg,0
neo_skin_core,skin,neonate,1,jaundice,,test,/kaggle/input/datasets/aiolapo/jaundice-image-data/jaundice/jaundice (17).jpg,0
neo_skin_core,skin,neonate,1,jaundice,,train,/kaggle/input/datasets/aiolapo/jaundice-image-data/jaundice/jaundice (170).jpg,0
neo_skin_core,skin,neonate,1,jaundice,,train,/kaggle/input/datasets/aiolapo/jaundice-image-data/jaundice/jaundice (171).jpg,0
neo_skin_core,skin,neonate,1,jaundice,,train,/kaggle/input/datasets/aiolapo/jaundice-image-data/jaundice/jaundice (172).jpg,0
neo_skin_core,skin,neonate,1,jaundice,,train,/kaggle/input/datasets/aiolapo/jaundice-image-data/jaundice/jaundice (173).jpg,0
neo_skin_core,skin,neonate,1,jaundice,,train,/kaggle/input/datasets/aiolapo/jaundice-image-data/jaundice/jaundice (174).jpg,0
neo_skin_core,skin,neonate,1,jaundice,,train,/kaggle/input/datasets/aiolapo/jaundice-image-data/jaundice/jaundice (175).jpg,0
neo_skin_core,skin,neonate,1,jaundice,,train,/kaggle/input/datasets/aiolapo/jaundice-image-data/jaundice/jaundice (176).jpg,0
neo_skin_core,skin,neonate,1,jaundice,,train,/kaggle/input/datasets/aiolapo/jaundice-image-data/jaundice/jaundice (177).jpg,0
neo_skin_core,skin,neonate,1,jaundice,,train,/kaggle/input/datasets/aiolapo/jaundice-image-data/jaundice/jaundice (178).jpg,0
neo_skin_core,skin,neonate,1,jaundice,,train,/kaggle/input/datasets/aiolapo/jaundice-image-data/jaundice/jaundice (179).jpg,0
neo_skin_core,skin,neonate,1,jaundice,,train,/kaggle/input/datasets/aiolapo/jaundice-image-data/jaundice/jaundice (18).jpg,0
neo_skin_core,skin,neonate,1,jaundice,,val,/kaggle/input/datasets/aiolapo/jaundice-image-data/jaundice/jaundice (180).jpg,0
neo_skin_core,skin,neonate,1,jaundice,,val,/kaggle/input/datasets/aiolapo/jaundice-image-data/jaundice/jaundice (181).jpg,0
neo_skin_core,skin,neonate,1,jaundice,,train,/kaggle/input/datasets/aiolapo/jaundice-image-data/jaundice/jaundice (182).jpg,0
neo_skin_core,skin,neonate,1,jaundice,,train,/kaggle/input/datasets/aiolapo/jaundice-image-data/jaundice/jaundice (183).jpg,0
neo_skin_core,skin,neonate,1,jaundice,,train,/kaggle/input/datasets/aiolapo/jaundice-image-data/jaundice/jaundice (184).jpg,0
neo_skin_core,skin,neonate,1,jaundice,,train,/kaggle/input/datasets/aiolapo/jaundice-image-data/jaundice/jaundice (185).jpg,0
neo_skin_core,skin,neonate,1,jaundice,,train,/kaggle/input/datasets/aiolapo/jaundice-image-data/jaundice/jaundice (186).jpg,0
neo_skin_core,skin,neonate,1,jaundice,,train,/kaggle/input/datasets/aiolapo/jaundice-image-data/jaundice/jaundice (187).jpg,0
neo_skin_core,skin,neonate,1,jaundice,,train,/kaggle/input/datasets/aiolapo/jaundice-image-data/jaundice/jaundice (188).jpg,0
neo_skin_core,skin,neonate,1,jaundice,,test,/kaggle/input/datasets/aiolapo/jaundice-image-data/jaundice/jaundice (189).jpg,0
neo_skin_core,skin,neonate,1,jaundice,,train,/kaggle/input/datasets/aiolapo/jaundice-image-data/jaundice/jaundice (19).jpg,0
neo_skin_core,skin,neonate,1,jaundice,,train,/kaggle/input/datasets/aiolapo/jaundice-image-data/jaundice/jaundice (190).jpg,1
neo_skin_core,skin,neonate,1,jaundice,,train,/kaggle/input/datasets/aiolapo/jaundice-image-data/jaundice/jaundice (191).jpg,0
neo_skin_core,skin,neonate,1,jaundice,,val,/kaggle/input/datasets/aiolapo/jaundice-image-data/jaundice/jaundice (192).jpg,1
neo_skin_core,skin,neonate,1,jaundice,,train,/kaggle/input/datasets/aiolapo/jaundice-image-data/jaundice/jaundice (193).jpg,0
neo_skin_core,skin,neonate,1,jaundice,,train,/kaggle/input/datasets/aiolapo/jaundice-image-data/jaundice/jaundice (194).jpg,0
neo_skin_core,skin,neonate,1,jaundice,,train,/kaggle/input/datasets/aiolapo/jaundice-image-data/jaundice/jaundice (195).jpg,0
neo_skin_core,skin,neonate,1,jaundice,,train,/kaggle/input/datasets/aiolapo/jaundice-image-data/jaundice/jaundice (196).jpg,0
neo_skin_core,skin,neonate,1,jaundice,,train,/kaggle/input/datasets/aiolapo/jaundice-image-data/jaundice/jaundice (197).jpg,1
neo_skin_core,skin,neonate,1,jaundice,,train,/kaggle/input/datasets/aiolapo/jaundice-image-data/jaundice/jaundice (198).jpg,0
neo_skin_core,skin,neonate,1,jaundice,,test,/kaggle/input/datasets/aiolapo/jaundice-image-data/jaundice/jaundice (199).jpg,0
neo_skin_core,skin,neonate,1,jaundice,,test,/kaggle/input/datasets/aiolapo/jaundice-image-data/jaundice/jaundice (2).jpg,1
neo_skin_core,skin,neonate,1,jaundice,,train,/kaggle/input/datasets/aiolapo/jaundice-image-data/jaundice/jaundice (20).jpg,0
neo_skin_core,skin,neonate,1,jaundice,,train,/kaggle/input/datasets/aiolapo/jaundice-image-data/jaundice/jaundice (200).jpg,0
neo_skin_core,skin,neonate,1,jaundice,,train,/kaggle/input/datasets/aiolapo/jaundice-image-data/jaundice/jaundice (21).jpg,0
neo_skin_core,skin,neonate,1,jaundice,,train,/kaggle/input/datasets/aiolapo/jaundice-image-data/jaundice/jaundice (22).jpg,0
neo_skin_core,skin,neonate,1,jaundice,,train,/kaggle/input/datasets/aiolapo/jaundice-image-data/jaundice/jaundice (23).jpg,1
neo_skin_core,skin,neonate,1,jaundice,,train,/kaggle/input/datasets/aiolapo/jaundice-image-data/jaundice/jaundice (24).jpg,1
neo_skin_core,skin,neonate,1,jaundice,,train,/kaggle/input/datasets/aiolapo/jaundice-image-data/jaundice/jaundice (25).jpg,0
neo_skin_core,skin,neonate,1,jaundice,,train,/kaggle/input/datasets/aiolapo/jaundice-image-data/jaundice/jaundice (26).jpg,1
neo_skin_core,skin,neonate,1,jaundice,,test,/kaggle/input/datasets/aiolapo/jaundice-image-data/jaundice/jaundice (27).jpg,0
neo_skin_core,skin,neonate,1,jaundice,,train,/kaggle/input/datasets/aiolapo/jaundice-image-data/jaundice/jaundice (28).jpg,0
neo_skin_core,skin,neonate,1,jaundice,,train,/kaggle/input/datasets/aiolapo/jaundice-image-data/jaundice/jaundice (29).jpg,0
neo_skin_core,skin,neonate,1,jaundice,,train,/kaggle/input/datasets/aiolapo/jaundice-image-data/jaundice/jaundice (3).jpg,1
neo_skin_core,skin,neonate,1,jaundice,,train,/kaggle/input/datasets/aiolapo/jaundice-image-data/jaundice/jaundice (30).jpg,0
neo_skin_core,skin,neonate,1,jaundice,,train,/kaggle/input/datasets/aiolapo/jaundice-image-data/jaundice/jaundice (31).jpg,0
neo_skin_core,skin,neonate,1,jaundice,,train,/kaggle/input/datasets/aiolapo/jaundice-image-data/jaundice/jaundice (32).jpg,0
neo_skin_core,skin,neonate,1,jaundice,,test,/kaggle/input/datasets/aiolapo/jaundice-image-data/jaundice/jaundice (33).jpg,0
neo_skin_core,skin,neonate,1,jaundice,,train,/kaggle/input/datasets/aiolapo/jaundice-image-data/jaundice/jaundice (34).jpg,2
neo_skin_core,skin,neonate,1,jaundice,,train,/kaggle/input/datasets/aiolapo/jaundice-image-data/jaundice/jaundice (35).jpg,2
neo_skin_core,skin,neonate,1,jaundice,,train,/kaggle/input/datasets/aiolapo/jaundice-image-data/jaundice/jaundice (36).jpg,2
neo_skin_core,skin,neonate,1,jaundice,,val,/kaggle/input/datasets/aiolapo/jaundice-image-data/jaundice/jaundice (37).jpg,2
neo_skin_core,skin,neonate,1,jaundice,,val,/kaggle/input/datasets/aiolapo/jaundice-image-data/jaundice/jaundice (38).jpg,2
neo_skin_core,skin,neonate,1,jaundice,,train,/kaggle/input/datasets/aiolapo/jaundice-image-data/jaundice/jaundice (39).jpg,2
neo_skin_core,skin,neonate,1,jaundice,,val,/kaggle/input/datasets/aiolapo/jaundice-image-data/jaundice/jaundice (4).jpg,0
neo_skin_core,skin,neonate,1,jaundice,,train,/kaggle/input/datasets/aiolapo/jaundice-image-data/jaundice/jaundice (40).jpg,0
neo_skin_core,skin,neonate,1,jaundice,,test,/kaggle/input/datasets/aiolapo/jaundice-image-data/jaundice/jaundice (41).jpg,0
neo_skin_core,skin,neonate,1,jaundice,,train,/kaggle/input/datasets/aiolapo/jaundice-image-data/jaundice/jaundice (42).jpg,0
neo_skin_core,skin,neonate,1,jaundice,,train,/kaggle/input/datasets/aiolapo/jaundice-image-data/jaundice/jaundice (43).jpg,0
neo_skin_core,skin,neonate,1,jaundice,,train,/kaggle/input/datasets/aiolapo/jaundice-image-data/jaundice/jaundice (44).jpg,0
neo_skin_core,skin,neonate,1,jaundice,,test,/kaggle/input/datasets/aiolapo/jaundice-image-data/jaundice/jaundice (45).jpg,0
neo_skin_core,skin,neonate,1,jaundice,,val,/kaggle/input/datasets/aiolapo/jaundice-image-data/jaundice/jaundice (46).jpg,2
neo_skin_core,skin,neonate,1,jaundice,,test,/kaggle/input/datasets/aiolapo/jaundice-image-data/jaundice/jaundice (47).jpg,2
neo_skin_core,skin,neonate,1,jaundice,,train,/kaggle/input/datasets/aiolapo/jaundice-image-data/jaundice/jaundice (48).jpg,2
neo_skin_core,skin,neonate,1,jaundice,,test,/kaggle/input/datasets/aiolapo/jaundice-image-data/jaundice/jaundice (49).jpg,2
neo_skin_core,skin,neonate,1,jaundice,,train,/kaggle/input/datasets/aiolapo/jaundice-image-data/jaundice/jaundice (5).jpg,0
neo_skin_core,skin,neonate,1,jaundice,,train,/kaggle/input/datasets/aiolapo/jaundice-image-data/jaundice/jaundice (50).jpg,1
neo_skin_core,skin,neonate,1,jaundice,,val,/kaggle/input/datasets/aiolapo/jaundice-image-data/jaundice/jaundice (51).jpg,1
neo_skin_core,skin,neonate,1,jaundice,,train,/kaggle/input/datasets/aiolapo/jaundice-image-data/jaundice/jaundice (52).jpg,1
neo_skin_core,skin,neonate,1,jaundice,,train,/kaggle/input/datasets/aiolapo/jaundice-image-data/jaundice/jaundice (53).jpg,1
neo_skin_core,skin,neonate,1,jaundice,,train,/kaggle/input/datasets/aiolapo/jaundice-image-data/jaundice/jaundice (54).jpg,0
neo_skin_core,skin,neonate,1,jaundice,,train,/kaggle/input/datasets/aiolapo/jaundice-image-data/jaundice/jaundice (55).jpg,0
neo_skin_core,skin,neonate,1,jaundice,,test,/kaggle/input/datasets/aiolapo/jaundice-image-data/jaundice/jaundice (56).jpg,0
neo_skin_core,skin,neonate,1,jaundice,,train,/kaggle/input/datasets/aiolapo/jaundice-image-data/jaundice/jaundice (57).jpg,0
neo_skin_core,skin,neonate,1,jaundice,,train,/kaggle/input/datasets/aiolapo/jaundice-image-data/jaundice/jaundice (58).jpg,0
neo_skin_core,skin,neonate,1,jaundice,,train,/kaggle/input/datasets/aiolapo/jaundice-image-data/jaundice/jaundice (59).jpg,0
neo_skin_core,skin,neonate,1,jaundice,,train,/kaggle/input/datasets/aiolapo/jaundice-image-data/jaundice/jaundice (6).jpg,0
neo_skin_core,skin,neonate,1,jaundice,,train,/kaggle/input/datasets/aiolapo/jaundice-image-data/jaundice/jaundice (60).jpg,0
neo_skin_core,skin,neonate,1,jaundice,,val,/kaggle/input/datasets/aiolapo/jaundice-image-data/jaundice/jaundice (61).jpg,0
neo_skin_core,skin,neonate,1,jaundice,,train,/kaggle/input/datasets/aiolapo/jaundice-image-data/jaundice/jaundice (62).jpg,1
neo_skin_core,skin,neonate,1,jaundice,,train,/kaggle/input/datasets/aiolapo/jaundice-image-data/jaundice/jaundice (63).jpg,1
neo_skin_core,skin,neonate,1,jaundice,,test,/kaggle/input/datasets/aiolapo/jaundice-image-data/jaundice/jaundice (64).jpg,0
neo_skin_core,skin,neonate,1,jaundice,,train,/kaggle/input/datasets/aiolapo/jaundice-image-data/jaundice/jaundice (65).jpg,0
neo_skin_core,skin,neonate,1,jaundice,,train,/kaggle/input/datasets/aiolapo/jaundice-image-data/jaundice/jaundice (66).jpg,0
neo_skin_core,skin,neonate,1,jaundice,,train,/kaggle/input/datasets/aiolapo/jaundice-image-data/jaundice/jaundice (67).jpg,0
neo_skin_core,skin,neonate,1,jaundice,,train,/kaggle/input/datasets/aiolapo/jaundice-image-data/jaundice/jaundice (68).jpg,0
neo_skin_core,skin,neonate,1,jaundice,,train,/kaggle/input/datasets/aiolapo/jaundice-image-data/jaundice/jaundice (69).jpg,0
neo_skin_core,skin,neonate,1,jaundice,,val,/kaggle/input/datasets/aiolapo/jaundice-image-data/jaundice/jaundice (7).jpg,0
neo_skin_core,skin,neonate,1,jaundice,,train,/kaggle/input/datasets/aiolapo/jaundice-image-data/jaundice/jaundice (70).jpg,0
neo_skin_core,skin,neonate,1,jaundice,,train,/kaggle/input/datasets/aiolapo/jaundice-image-data/jaundice/jaundice (71).jpg,0
neo_skin_core,skin,neonate,1,jaundice,,train,/kaggle/input/datasets/aiolapo/jaundice-image-data/jaundice/jaundice (72).jpg,0
neo_skin_core,skin,neonate,1,jaundice,,train,/kaggle/input/datasets/aiolapo/jaundice-image-data/jaundice/jaundice (73).jpg,1
neo_skin_core,skin,neonate,1,jaundice,,train,/kaggle/input/datasets/aiolapo/jaundice-image-data/jaundice/jaundice (74).jpg,0
neo_skin_core,skin,neonate,1,jaundice,,train,/kaggle/input/datasets/aiolapo/jaundice-image-data/jaundice/jaundice (75).jpg,0
neo_skin_core,skin,neonate,1,jaundice,,train,/kaggle/input/datasets/aiolapo/jaundice-image-data/jaundice/jaundice (76).jpg,0
neo_skin_core,skin,neonate,1,jaundice,,train,/kaggle/input/datasets/aiolapo/jaundice-image-data/jaundice/jaundice (77).jpg,2
neo_skin_core,skin,neonate,1,jaundice,,train,/kaggle/input/datasets/aiolapo/jaundice-image-data/jaundice/jaundice (78).jpg,0
neo_skin_core,skin,neonate,1,jaundice,,train,/kaggle/input/datasets/aiolapo/jaundice-image-data/jaundice/jaundice (79).jpg,0
neo_skin_core,skin,neonate,1,jaundice,,train,/kaggle/input/datasets/aiolapo/jaundice-image-data/jaundice/jaundice (8).jpg,0
neo_skin_core,skin,neonate,1,jaundice,,train,/kaggle/input/datasets/aiolapo/jaundice-image-data/jaundice/jaundice (80).jpg,0
neo_skin_core,skin,neonate,1,jaundice,,val,/kaggle/input/datasets/aiolapo/jaundice-image-data/jaundice/jaundice (81).jpg,0
neo_skin_core,skin,neonate,1,jaundice,,val,/kaggle/input/datasets/aiolapo/jaundice-image-data/jaundice/jaundice (82).jpg,1
neo_skin_core,skin,neonate,1,jaundice,,train,/kaggle/input/datasets/aiolapo/jaundice-image-data/jaundice/jaundice (83).jpg,0
neo_skin_core,skin,neonate,1,jaundice,,train,/kaggle/input/datasets/aiolapo/jaundice-image-data/jaundice/jaundice (84).jpg,0
neo_skin_core,skin,neonate,1,jaundice,,train,/kaggle/input/datasets/aiolapo/jaundice-image-data/jaundice/jaundice (85).jpg,1
neo_skin_core,skin,neonate,1,jaundice,,test,/kaggle/input/datasets/aiolapo/jaundice-image-data/jaundice/jaundice (86).jpg,1
neo_skin_core,skin,neonate,1,jaundice,,train,/kaggle/input/datasets/aiolapo/jaundice-image-data/jaundice/jaundice (87).jpg,0
neo_skin_core,skin,neonate,1,jaundice,,train,/kaggle/input/datasets/aiolapo/jaundice-image-data/jaundice/jaundice (88).jpg,1
neo_skin_core,skin,neonate,1,jaundice,,test,/kaggle/input/datasets/aiolapo/jaundice-image-data/jaundice/jaundice (89).jpg,0
neo_skin_core,skin,neonate,1,jaundice,,test,/kaggle/input/datasets/aiolapo/jaundice-image-data/jaundice/jaundice (9).jpg,0
neo_skin_core,skin,neonate,1,jaundice,,train,/kaggle/input/datasets/aiolapo/jaundice-image-data/jaundice/jaundice (90).jpg,0
neo_skin_core,skin,neonate,1,jaundice,,train,/kaggle/input/datasets/aiolapo/jaundice-image-data/jaundice/jaundice (91).jpg,0
neo_skin_core,skin,neonate,1,jaundice,,train,/kaggle/input/datasets/aiolapo/jaundice-image-data/jaundice/jaundice (92).jpg,0
neo_skin_core,skin,neonate,1,jaundice,,val,/kaggle/input/datasets/aiolapo/jaundice-image-data/jaundice/jaundice (93).jpg,2
neo_skin_core,skin,neonate,1,jaundice,,train,/kaggle/input/datasets/aiolapo/jaundice-image-data/jaundice/jaundice (94).jpg,2
neo_skin_core,skin,neonate,1,jaundice,,train,/kaggle/input/datasets/aiolapo/jaundice-image-data/jaundice/jaundice (95).jpg,0
neo_skin_core,skin,neonate,1,jaundice,,train,/kaggle/input/datasets/aiolapo/jaundice-image-data/jaundice/jaundice (96).jpg,0
neo_skin_core,skin,neonate,1,jaundice,,train,/kaggle/input/datasets/aiolapo/jaundice-image-data/jaundice/jaundice (97).jpg,2
neo_skin_core,skin,neonate,1,jaundice,,test,/kaggle/input/datasets/aiolapo/jaundice-image-data/jaundice/jaundice (98).jpg,0
neo_skin_core,skin,neonate,1,jaundice,,train,/kaggle/input/datasets/aiolapo/jaundice-image-data/jaundice/jaundice (99).jpg,2
neo_skin_core,skin,neonate,0,normal,,train,/kaggle/input/datasets/aiolapo/jaundice-image-data/normal/normal (1).jpg,1
neo_skin_core,skin,neonate,0,normal,,test,/kaggle/input/datasets/aiolapo/jaundice-image-data/normal/normal (1000).jpg,2
neo_skin_core,skin,neonate,0,normal,,val,/kaggle/input/datasets/aiolapo/jaundice-image-data/normal/normal (1001).jpg,2
neo_skin_core,skin,neonate,0,normal,,train,/kaggle/input/datasets/aiolapo/jaundice-image-data/normal/normal (1002).jpg,2
neo_skin_core,skin,neonate,0,normal,,train,/kaggle/input/datasets/aiolapo/jaundice-image-data/normal/normal (1003).jpg,2
neo_skin_core,skin,neonate,0,normal,,train,/kaggle/input/datasets/aiolapo/jaundice-image-data/normal/normal (1004).jpg,1
neo_skin_core,skin,neonate,0,normal,,test,/kaggle/input/datasets/aiolapo/jaundice-image-data/normal/normal (1005).jpg,1
neo_skin_core,skin,neonate,0,normal,,train,/kaggle/input/datasets/aiolapo/jaundice-image-data/normal/normal (1006).jpg,0
neo_skin_core,skin,neonate,0,normal,,train,/kaggle/input/datasets/aiolapo/jaundice-image-data/normal/normal (1007).jpg,0
neo_skin_core,skin,neonate,0,normal,,train,/kaggle/input/datasets/aiolapo/jaundice-image-data/normal/normal (1008).jpg,0
neo_skin_core,skin,neonate,0,normal,,train,/kaggle/input/datasets/aiolapo/jaundice-image-data/normal/normal (1009).jpg,0
neo_skin_core,skin,neonate,0,normal,,val,/kaggle/input/datasets/aiolapo/jaundice-image-data/normal/normal (1010).jpg,0
neo_skin_core,skin,neonate,0,normal,,train,/kaggle/input/datasets/aiolapo/jaundice-image-data/normal/normal (1011).jpg,1
neo_skin_core,skin,neonate,0,normal,,train,/kaggle/input/datasets/aiolapo/jaundice-image-data/normal/normal (1012).jpg,2
neo_skin_core,skin,neonate,0,normal,,train,/kaggle/input/datasets/aiolapo/jaundice-image-data/normal/normal (1013).jpg,1
neo_skin_core,skin,neonate,0,normal,,train,/kaggle/input/datasets/aiolapo/jaundice-image-data/normal/normal (1014).jpg,1
neo_skin_core,skin,neonate,0,normal,,val,/kaggle/input/datasets/aiolapo/jaundice-image-data/normal/normal (1015).jpg,0
neo_skin_core,skin,neonate,0,normal,,train,/kaggle/input/datasets/aiolapo/jaundice-image-data/normal/normal (1016).jpg,0
neo_skin_core,skin,neonate,0,normal,,val,/kaggle/input/datasets/aiolapo/jaundice-image-data/normal/normal (1017).jpg,0
neo_skin_core,skin,neonate,0,normal,,test,/kaggle/input/datasets/aiolapo/jaundice-image-data/normal/normal (1018).jpg,0
neo_skin_core,skin,neonate,0,normal,,test,/kaggle/input/datasets/aiolapo/jaundice-image-data/normal/normal (1019).jpg,0
neo_skin_core,skin,neonate,0,normal,,train,/kaggle/input/datasets/aiolapo/jaundice-image-data/normal/normal (1020).jpg,0
neo_skin_core,skin,neonate,0,normal,,train,/kaggle/input/datasets/aiolapo/jaundice-image-data/normal/normal (1021).jpg,0
neo_skin_core,skin,neonate,0,normal,,train,/kaggle/input/datasets/aiolapo/jaundice-image-data/normal/normal (1022).jpg,0
neo_skin_core,skin,neonate,0,normal,,train,/kaggle/input/datasets/aiolapo/jaundice-image-data/normal/normal (1023).jpg,1
neo_skin_core,skin,neonate,0,normal,,train,/kaggle/input/datasets/aiolapo/jaundice-image-data/normal/normal (1024).jpg,1
neo_skin_core,skin,neonate,0,normal,,test,/kaggle/input/datasets/aiolapo/jaundice-image-data/normal/normal (1025).jpg,1
neo_skin_core,skin,neonate,0,normal,,val,/kaggle/input/datasets/aiolapo/jaundice-image-data/normal/normal (1026).jpg,0
neo_skin_core,skin,neonate,0,normal,,train,/kaggle/input/datasets/aiolapo/jaundice-image-data/normal/normal (1027).jpg,0
neo_skin_core,skin,neonate,0,normal,,test,/kaggle/input/datasets/aiolapo/jaundice-image-data/normal/normal (1028).jpg,0
neo_skin_core,skin,neonate,0,normal,,train,/kaggle/input/datasets/aiolapo/jaundice-image-data/normal/normal (1029).jpg,0
neo_skin_core,skin,neonate,0,normal,,train,/kaggle/input/datasets/aiolapo/jaundice-image-data/normal/normal (1030).jpg,1
neo_skin_core,skin,neonate,0,normal,,train,/kaggle/input/datasets/aiolapo/jaundice-image-data/normal/normal (1031).jpg,1
neo_skin_core,skin,neonate,0,normal,,val,/kaggle/input/datasets/aiolapo/jaundice-image-data/normal/normal (1032).jpg,1
neo_skin_core,skin,neonate,0,normal,,train,/kaggle/input/datasets/aiolapo/jaundice-image-data/normal/normal (1033).jpg,1
neo_skin_core,skin,neonate,0,normal,,test,/kaggle/input/datasets/aiolapo/jaundice-image-data/normal/normal (1034).jpg,1
neo_skin_core,skin,neonate,0,normal,,val,/kaggle/input/datasets/aiolapo/jaundice-image-data/normal/normal (1035).jpg,1
neo_skin_core,skin,neonate,0,normal,,train,/kaggle/input/datasets/aiolapo/jaundice-image-data/normal/normal (1036).jpg,1
neo_skin_core,skin,neonate,0,normal,,train,/kaggle/input/datasets/aiolapo/jaundice-image-data/normal/normal (1037).jpg,0
neo_skin_core,skin,neonate,0,normal,,train,/kaggle/input/datasets/aiolapo/jaundice-image-data/normal/normal (1038).jpg,1
neo_skin_core,skin,neonate,0,normal,,train,/kaggle/input/datasets/aiolapo/jaundice-image-data/normal/normal (1039).jpg,0
neo_skin_core,skin,neonate,0,normal,,val,/kaggle/input/datasets/aiolapo/jaundice-image-data/normal/normal (1040).jpg,0
neo_skin_core,skin,neonate,0,normal,,test,/kaggle/input/datasets/aiolapo/jaundice-image-data/normal/normal (1041).jpg,0
neo_skin_core,skin,neonate,0,normal,,train,/kaggle/input/datasets/aiolapo/jaundice-image-data/normal/normal (1042).jpg,0
neo_skin_core,skin,neonate,0,normal,,train,/kaggle/input/datasets/aiolapo/jaundice-image-data/normal/normal (1043).jpg,0
neo_skin_core,skin,neonate,0,normal,,test,/kaggle/input/datasets/aiolapo/jaundice-image-data/normal/normal (1044).jpg,0
neo_skin_core,skin,neonate,0,normal,,train,/kaggle/input/datasets/aiolapo/jaundice-image-data/normal/normal (1045).jpg,0
neo_skin_core,skin,neonate,0,normal,,test,/kaggle/input/datasets/aiolapo/jaundice-image-data/normal/normal (1046).jpg,1
neo_skin_core,skin,neonate,0,normal,,train,/kaggle/input/datasets/aiolapo/jaundice-image-data/normal/normal (1047).jpg,0
neo_skin_core,skin,neonate,0,normal,,val,/kaggle/input/datasets/aiolapo/jaundice-image-data/normal/normal (1048).jpg,1
neo_skin_core,skin,neonate,0,normal,,train,/kaggle/input/datasets/aiolapo/jaundice-image-data/normal/normal (1049).jpg,0
neo_skin_core,skin,neonate,0,normal,,train,/kaggle/input/datasets/aiolapo/jaundice-image-data/normal/normal (1050).jpg,0
neo_skin_core,skin,neonate,0,normal,,train,/kaggle/input/datasets/aiolapo/jaundice-image-data/normal/normal (1051).jpg,0
neo_skin_core,skin,neonate,0,normal,,train,/kaggle/input/datasets/aiolapo/jaundice-image-data/normal/normal (1052).jpg,1
neo_skin_core,skin,neonate,0,normal,,train,/kaggle/input/datasets/aiolapo/jaundice-image-data/normal/normal (1053).jpg,0
neo_skin_core,skin,neonate,0,normal,,test,/kaggle/input/datasets/aiolapo/jaundice-image-data/normal/normal (1054).jpg,0
neo_skin_core,skin,neonate,0,normal,,test,/kaggle/input/datasets/aiolapo/jaundice-image-data/normal/normal (1055).jpg,0
neo_skin_core,skin,neonate,0,normal,,train,/kaggle/input/datasets/aiolapo/jaundice-image-data/normal/normal (1056).jpg,0
neo_skin_core,skin,neonate,0,normal,,val,/kaggle/input/datasets/aiolapo/jaundice-image-data/normal/normal (1057).jpg,0
neo_skin_core,skin,neonate,0,normal,,train,/kaggle/input/datasets/aiolapo/jaundice-image-data/normal/normal (1058).jpg,0
neo_skin_core,skin,neonate,0,normal,,test,/kaggle/input/datasets/aiolapo/jaundice-image-data/normal/normal (1059).jpg,0
neo_skin_core,skin,neonate,0,normal,,train,/kaggle/input/datasets/aiolapo/jaundice-image-data/normal/normal (1060).jpg,0
neo_skin_core,skin,neonate,0,normal,,train,/kaggle/input/datasets/aiolapo/jaundice-image-data/normal/normal (1061).jpg,0
neo_skin_core,skin,neonate,0,normal,,train,/kaggle/input/datasets/aiolapo/jaundice-image-data/normal/normal (1062).jpg,0
neo_skin_core,skin,neonate,0,normal,,train,/kaggle/input/datasets/aiolapo/jaundice-image-data/normal/normal (1063).jpg,0
neo_skin_core,skin,neonate,0,normal,,test,/kaggle/input/datasets/aiolapo/jaundice-image-data/normal/normal (1064).jpg,0
neo_skin_core,skin,neonate,0,normal,,train,/kaggle/input/datasets/aiolapo/jaundice-image-data/normal/normal (1065).jpg,0
neo_skin_core,skin,neonate,0,normal,,test,/kaggle/input/datasets/aiolapo/jaundice-image-data/normal/normal (1066).jpg,0
neo_skin_core,skin,neonate,0,normal,,train,/kaggle/input/datasets/aiolapo/jaundice-image-data/normal/normal (1067).jpg,0
neo_skin_core,skin,neonate,0,normal,,train,/kaggle/input/datasets/aiolapo/jaundice-image-data/normal/normal (1068).jpg,0
neo_skin_core,skin,neonate,0,normal,,train,/kaggle/input/datasets/aiolapo/jaundice-image-data/normal/normal (1069).jpg,0
neo_skin_core,skin,neonate,0,normal,,train,/kaggle/input/datasets/aiolapo/jaundice-image-data/normal/normal (1070).jpg,0
neo_skin_core,skin,neonate,0,normal,,train,/kaggle/input/datasets/aiolapo/jaundice-image-data/normal/normal (1071).jpg,0
neo_skin_core,skin,neonate,0,normal,,train,/kaggle/input/datasets/aiolapo/jaundice-image-data/normal/normal (1072).jpg,0
neo_skin_core,skin,neonate,0,normal,,train,/kaggle/input/datasets/aiolapo/jaundice-image-data/normal/normal (1073).jpg,0
neo_skin_core,skin,neonate,0,normal,,test,/kaggle/input/datasets/aiolapo/jaundice-image-data/normal/normal (1074).jpg,0
neo_skin_core,skin,neonate,0,normal,,train,/kaggle/input/datasets/aiolapo/jaundice-image-data/normal/normal (1075).jpg,0
neo_skin_core,skin,neonate,0,normal,,train,/kaggle/input/datasets/aiolapo/jaundice-image-data/normal/normal (1076).jpg,0
neo_skin_core,skin,neonate,0,normal,,train,/kaggle/input/datasets/aiolapo/jaundice-image-data/normal/normal (1077).jpg,0
neo_skin_core,skin,neonate,0,normal,,train,/kaggle/input/datasets/aiolapo/jaundice-image-data/normal/normal (1078).jpg,0
neo_skin_core,skin,neonate,0,normal,,train,/kaggle/input/datasets/aiolapo/jaundice-image-data/normal/normal (1079).jpg,0
neo_skin_core,skin,neonate,0,normal,,train,/kaggle/input/datasets/aiolapo/jaundice-image-data/normal/normal (1080).jpg,0
neo_skin_core,skin,neonate,0,normal,,train,/kaggle/input/datasets/aiolapo/jaundice-image-data/normal/normal (1081).jpg,0
neo_skin_core,skin,neonate,0,normal,,val,/kaggle/input/datasets/aiolapo/jaundice-image-data/normal/normal (1082).jpg,0
neo_skin_core,skin,neonate,0,normal,,train,/kaggle/input/datasets/aiolapo/jaundice-image-data/normal/normal (1083).jpg,0
neo_skin_core,skin,neonate,0,normal,,test,/kaggle/input/datasets/aiolapo/jaundice-image-data/normal/normal (1084).jpg,0
neo_skin_core,skin,neonate,0,normal,,test,/kaggle/input/datasets/aiolapo/jaundice-image-data/normal/normal (1085).jpg,0
neo_skin_core,skin,neonate,0,normal,,train,/kaggle/input/datasets/aiolapo/jaundice-image-data/normal/normal (1086).jpg,0
neo_skin_core,skin,neonate,0,normal,,train,/kaggle/input/datasets/aiolapo/jaundice-image-data/normal/normal (1087).jpg,2
neo_skin_core,skin,neonate,0,normal,,train,/kaggle/input/datasets/aiolapo/jaundice-image-data/normal/normal (1088).jpg,2
neo_skin_core,skin,neonate,0,normal,,train,/kaggle/input/datasets/aiolapo/jaundice-image-data/normal/normal (1089).jpg,1
neo_skin_core,skin,neonate,0,normal,,val,/kaggle/input/datasets/aiolapo/jaundice-image-data/normal/normal (1090).jpg,0
neo_skin_core,skin,neonate,0,normal,,val,/kaggle/input/datasets/aiolapo/jaundice-image-data/normal/normal (1091).jpg,0
neo_skin_core,skin,neonate,0,normal,,train,/kaggle/input/datasets/aiolapo/jaundice-image-data/normal/normal (1092).jpg,0
neo_skin_core,skin,neonate,0,normal,,train,/kaggle/input/datasets/aiolapo/jaundice-image-data/normal/normal (1093).jpg,0
neo_skin_core,skin,neonate,0,normal,,train,/kaggle/input/datasets/aiolapo/jaundice-image-data/normal/normal (1094).jpg,0
neo_skin_core,skin,neonate,0,normal,,val,/kaggle/input/datasets/aiolapo/jaundice-image-data/normal/normal (1095).jpg,0
neo_skin_core,skin,neonate,0,normal,,train,/kaggle/input/datasets/aiolapo/jaundice-image-data/normal/normal (1096).jpg,1
neo_skin_core,skin,neonate,0,normal,,test,/kaggle/input/datasets/aiolapo/jaundice-image-data/normal/normal (1097).jpg,1
neo_skin_core,skin,neonate,0,normal,,train,/kaggle/input/datasets/aiolapo/jaundice-image-data/normal/normal (1098).jpg,1
neo_skin_core,skin,neonate,0,normal,,train,/kaggle/input/datasets/aiolapo/jaundice-image-data/normal/normal (1099).jpg,1
neo_skin_core,skin,neonate,0,normal,,test,/kaggle/input/datasets/aiolapo/jaundice-image-data/normal/normal (1100).jpg,1
neo_skin_core,skin,neonate,0,normal,,train,/kaggle/input/datasets/aiolapo/jaundice-image-data/normal/normal (1101).jpg,1
neo_skin_core,skin,neonate,0,normal,,train,/kaggle/input/datasets/aiolapo/jaundice-image-data/normal/normal (1102).jpg,0
neo_skin_core,skin,neonate,0,normal,,train,/kaggle/input/datasets/aiolapo/jaundice-image-data/normal/normal (1103).jpg,1
neo_skin_core,skin,neonate,0,normal,,val,/kaggle/input/datasets/aiolapo/jaundice-image-data/normal/normal (1104).jpg,0
neo_skin_core,skin,neonate,0,normal,,train,/kaggle/input/datasets/aiolapo/jaundice-image-data/normal/normal (1105).jpg,1
neo_skin_core,skin,neonate,0,normal,,val,/kaggle/input/datasets/aiolapo/jaundice-image-data/normal/normal (1106).jpg,1
neo_skin_core,skin,neonate,0,normal,,train,/kaggle/input/datasets/aiolapo/jaundice-image-data/normal/normal (1107).jpg,1
neo_skin_core,skin,neonate,0,normal,,train,/kaggle/input/datasets/aiolapo/jaundice-image-data/normal/normal (1108).jpg,0
neo_skin_core,skin,neonate,0,normal,,train,/kaggle/input/datasets/aiolapo/jaundice-image-data/normal/normal (1109).jpg,0
neo_skin_core,skin,neonate,0,normal,,test,/kaggle/input/datasets/aiolapo/jaundice-image-data/normal/normal (1110).jpg,0
neo_skin_core,skin,neonate,0,normal,,val,/kaggle/input/datasets/aiolapo/jaundice-image-data/normal/normal (1111).jpg,0
neo_skin_core,skin,neonate,0,normal,,train,/kaggle/input/datasets/aiolapo/jaundice-image-data/normal/normal (1112).jpg,1
neo_skin_core,skin,neonate,0,normal,,test,/kaggle/input/datasets/aiolapo/jaundice-image-data/normal/normal (1113).jpg,0
neo_skin_core,skin,neonate,0,normal,,val,/kaggle/input/datasets/aiolapo/jaundice-image-data/normal/normal (1114).jpg,0
neo_skin_core,skin,neonate,0,normal,,train,/kaggle/input/datasets/aiolapo/jaundice-image-data/normal/normal (1115).jpg,0
neo_skin_core,skin,neonate,0,normal,,test,/kaggle/input/datasets/aiolapo/jaundice-image-data/normal/normal (1116).jpg,0
neo_skin_core,skin,neonate,0,normal,,val,/kaggle/input/datasets/aiolapo/jaundice-image-data/normal/normal (1117).jpg,0
neo_skin_core,skin,neonate,0,normal,,train,/kaggle/input/datasets/aiolapo/jaundice-image-data/normal/normal (1118).jpg,0
neo_skin_core,skin,neonate,0,normal,,val,/kaggle/input/datasets/aiolapo/jaundice-image-data/normal/normal (1119).jpg,0
neo_skin_core,skin,neonate,0,normal,,train,/kaggle/input/datasets/aiolapo/jaundice-image-data/normal/normal (174).jpg,1
neo_skin_core,skin,neonate,0,normal,,train,/kaggle/input/datasets/aiolapo/jaundice-image-data/normal/normal (400).jpg,1
neo_skin_core,skin,neonate,0,normal,,val,/kaggle/input/datasets/aiolapo/jaundice-image-data/normal/normal (558).jpg,2
neo_skin_core,skin,neonate,0,normal,,train,/kaggle/input/datasets/aiolapo/jaundice-image-data/normal/normal (564).jpg,1
neo_skin_core,skin,neonate,0,normal,,val,/kaggle/input/datasets/aiolapo/jaundice-image-data/normal/normal (565).jpg,0
neo_skin_core,skin,neonate,0,normal,,train,/kaggle/input/datasets/aiolapo/jaundice-image-data/normal/normal (566).jpg,0
neo_skin_core,skin,neonate,0,normal,,train,/kaggle/input/datasets/aiolapo/jaundice-image-data/normal/normal (567).jpg,1
neo_skin_core,skin,neonate,0,normal,,train,/kaggle/input/datasets/aiolapo/jaundice-image-data/normal/normal (568).jpg,0
neo_skin_core,skin,neonate,0,normal,,train,/kaggle/input/datasets/aiolapo/jaundice-image-data/normal/normal (569).jpg,2
neo_skin_core,skin,neonate,0,normal,,train,/kaggle/input/datasets/aiolapo/jaundice-image-data/normal/normal (570).jpg,0
neo_skin_core,skin,neonate,0,normal,,val,/kaggle/input/datasets/aiolapo/jaundice-image-data/normal/normal (571).jpg,1
neo_skin_core,skin,neonate,0,normal,,test,/kaggle/input/datasets/aiolapo/jaundice-image-data/normal/normal (572).jpg,1
neo_skin_core,skin,neonate,0,normal,,train,/kaggle/input/datasets/aiolapo/jaundice-image-data/normal/normal (573).jpg,1
neo_skin_core,skin,neonate,0,normal,,train,/kaggle/input/datasets/aiolapo/jaundice-image-data/normal/normal (574).jpg,2
neo_skin_core,skin,neonate,0,normal,,val,/kaggle/input/datasets/aiolapo/jaundice-image-data/normal/normal (575).jpg,2
neo_skin_core,skin,neonate,0,normal,,train,/kaggle/input/datasets/aiolapo/jaundice-image-data/normal/normal (576).jpg,0
neo_skin_core,skin,neonate,0,normal,,test,/kaggle/input/datasets/aiolapo/jaundice-image-data/normal/normal (577).jpg,0
neo_skin_core,skin,neonate,0,normal,,train,/kaggle/input/datasets/aiolapo/jaundice-image-data/normal/normal (578).jpg,0
neo_skin_core,skin,neonate,0,normal,,val,/kaggle/input/datasets/aiolapo/jaundice-image-data/normal/normal (579).jpg,0
neo_skin_core,skin,neonate,0,normal,,train,/kaggle/input/datasets/aiolapo/jaundice-image-data/normal/normal (580).jpg,2
neo_skin_core,skin,neonate,0,normal,,train,/kaggle/input/datasets/aiolapo/jaundice-image-data/normal/normal (581).jpg,1
neo_skin_core,skin,neonate,0,normal,,val,/kaggle/input/datasets/aiolapo/jaundice-image-data/normal/normal (582).jpg,0
neo_skin_core,skin,neonate,0,normal,,train,/kaggle/input/datasets/aiolapo/jaundice-image-data/normal/normal (583).jpg,2
neo_skin_core,skin,neonate,0,normal,,train,/kaggle/input/datasets/aiolapo/jaundice-image-data/normal/normal (584).jpg,0
neo_skin_core,skin,neonate,0,normal,,val,/kaggle/input/datasets/aiolapo/jaundice-image-data/normal/normal (585).jpg,1
neo_skin_core,skin,neonate,0,normal,,train,/kaggle/input/datasets/aiolapo/jaundice-image-data/normal/normal (586).jpg,0
neo_skin_core,skin,neonate,0,normal,,train,/kaggle/input/datasets/aiolapo/jaundice-image-data/normal/normal (587).jpg,0
neo_skin_core,skin,neonate,0,normal,,test,/kaggle/input/datasets/aiolapo/jaundice-image-data/normal/normal (588).jpg,1
neo_skin_core,skin,neonate,0,normal,,train,/kaggle/input/datasets/aiolapo/jaundice-image-data/normal/normal (589).jpg,0
neo_skin_core,skin,neonate,0,normal,,train,/kaggle/input/datasets/aiolapo/jaundice-image-data/normal/normal (590).jpg,0
neo_skin_core,skin,neonate,0,normal,,test,/kaggle/input/datasets/aiolapo/jaundice-image-data/normal/normal (591).jpg,0
neo_skin_core,skin,neonate,0,normal,,train,/kaggle/input/datasets/aiolapo/jaundice-image-data/normal/normal (592).jpg,0
neo_skin_core,skin,neonate,0,normal,,train,/kaggle/input/datasets/aiolapo/jaundice-image-data/normal/normal (593).jpg,1
neo_skin_core,skin,neonate,0,normal,,train,/kaggle/input/datasets/aiolapo/jaundice-image-data/normal/normal (594).jpg,1
neo_skin_core,skin,neonate,0,normal,,train,/kaggle/input/datasets/aiolapo/jaundice-image-data/normal/normal (595).jpg,1
neo_skin_core,skin,neonate,0,normal,,train,/kaggle/input/datasets/aiolapo/jaundice-image-data/normal/normal (596).jpg,0
neo_skin_core,skin,neonate,0,normal,,train,/kaggle/input/datasets/aiolapo/jaundice-image-data/normal/normal (597).jpg,1
neo_skin_core,skin,neonate,0,normal,,train,/kaggle/input/datasets/aiolapo/jaundice-image-data/normal/normal (598).jpg,0
neo_skin_core,skin,neonate,0,normal,,test,/kaggle/input/datasets/aiolapo/jaundice-image-data/normal/normal (599).jpg,1
neo_skin_core,skin,neonate,0,normal,,train,/kaggle/input/datasets/aiolapo/jaundice-image-data/normal/normal (600).jpg,0
neo_skin_core,skin,neonate,0,normal,,train,/kaggle/input/datasets/aiolapo/jaundice-image-data/normal/normal (601).jpg,1
neo_skin_core,skin,neonate,0,normal,,train,/kaggle/input/datasets/aiolapo/jaundice-image-data/normal/normal (602).jpg,1
neo_skin_core,skin,neonate,0,normal,,train,/kaggle/input/datasets/aiolapo/jaundice-image-data/normal/normal (603).jpg,1
neo_skin_core,skin,neonate,0,normal,,train,/kaggle/input/datasets/aiolapo/jaundice-image-data/normal/normal (604).jpg,0
neo_skin_core,skin,neonate,0,normal,,val,/kaggle/input/datasets/aiolapo/jaundice-image-data/normal/normal (605).jpg,1
neo_skin_core,skin,neonate,0,normal,,test,/kaggle/input/datasets/aiolapo/jaundice-image-data/normal/normal (606).jpg,1
neo_skin_core,skin,neonate,0,normal,,train,/kaggle/input/datasets/aiolapo/jaundice-image-data/normal/normal (607).jpg,0
neo_skin_core,skin,neonate,0,normal,,train,/kaggle/input/datasets/aiolapo/jaundice-image-data/normal/normal (608).jpg,0
neo_skin_core,skin,neonate,0,normal,,val,/kaggle/input/datasets/aiolapo/jaundice-image-data/normal/normal (609).jpg,1
neo_skin_core,skin,neonate,0,normal,,train,/kaggle/input/datasets/aiolapo/jaundice-image-data/normal/normal (610).jpg,0
neo_skin_core,skin,neonate,0,normal,,train,/kaggle/input/datasets/aiolapo/jaundice-image-data/normal/normal (611).jpg,0
neo_skin_core,skin,neonate,0,normal,,val,/kaggle/input/datasets/aiolapo/jaundice-image-data/normal/normal (612).jpg,0
neo_skin_core,skin,neonate,0,normal,,train,/kaggle/input/datasets/aiolapo/jaundice-image-data/normal/normal (613).jpg,0
neo_skin_core,skin,neonate,0,normal,,test,/kaggle/input/datasets/aiolapo/jaundice-image-data/normal/normal (614).jpg,0
neo_skin_core,skin,neonate,0,normal,,train,/kaggle/input/datasets/aiolapo/jaundice-image-data/normal/normal (615).jpg,0
neo_skin_core,skin,neonate,0,normal,,test,/kaggle/input/datasets/aiolapo/jaundice-image-data/normal/normal (616).jpg,0
neo_skin_core,skin,neonate,0,normal,,train,/kaggle/input/datasets/aiolapo/jaundice-image-data/normal/normal (617).jpg,1
neo_skin_core,skin,neonate,0,normal,,train,/kaggle/input/datasets/aiolapo/jaundice-image-data/normal/normal (618).jpg,1
neo_skin_core,skin,neonate,0,normal,,train,/kaggle/input/datasets/aiolapo/jaundice-image-data/normal/normal (619).jpg,0
neo_skin_core,skin,neonate,0,normal,,train,/kaggle/input/datasets/aiolapo/jaundice-image-data/normal/normal (620).jpg,0
neo_skin_core,skin,neonate,0,normal,,train,/kaggle/input/datasets/aiolapo/jaundice-image-data/normal/normal (621).jpg,0
neo_skin_core,skin,neonate,0,normal,,train,/kaggle/input/datasets/aiolapo/jaundice-image-data/normal/normal (622).jpg,0
neo_skin_core,skin,neonate,0,normal,,train,/kaggle/input/datasets/aiolapo/jaundice-image-data/normal/normal (623).jpg,0
neo_skin_core,skin,neonate,0,normal,,train,/kaggle/input/datasets/aiolapo/jaundice-image-data/normal/normal (624).jpg,1
neo_skin_core,skin,neonate,0,normal,,train,/kaggle/input/datasets/aiolapo/jaundice-image-data/normal/normal (625).jpg,1
neo_skin_core,skin,neonate,0,normal,,train,/kaggle/input/datasets/aiolapo/jaundice-image-data/normal/normal (626).jpg,1
neo_skin_core,skin,neonate,0,normal,,val,/kaggle/input/datasets/aiolapo/jaundice-image-data/normal/normal (627).jpg,1
neo_skin_core,skin,neonate,0,normal,,train,/kaggle/input/datasets/aiolapo/jaundice-image-data/normal/normal (628).jpg,0
neo_skin_core,skin,neonate,0,normal,,train,/kaggle/input/datasets/aiolapo/jaundice-image-data/normal/normal (629).jpg,0
neo_skin_core,skin,neonate,0,normal,,val,/kaggle/input/datasets/aiolapo/jaundice-image-data/normal/normal (630).jpg,0
neo_skin_core,skin,neonate,0,normal,,train,/kaggle/input/datasets/aiolapo/jaundice-image-data/normal/normal (631).jpg,0
neo_skin_core,skin,neonate,0,normal,,val,/kaggle/input/datasets/aiolapo/jaundice-image-data/normal/normal (632).jpg,0
neo_skin_core,skin,neonate,0,normal,,test,/kaggle/input/datasets/aiolapo/jaundice-image-data/normal/normal (633).jpg,0
neo_skin_core,skin,neonate,0,normal,,val,/kaggle/input/datasets/aiolapo/jaundice-image-data/normal/normal (634).jpg,0
neo_skin_core,skin,neonate,0,normal,,train,/kaggle/input/datasets/aiolapo/jaundice-image-data/normal/normal (635).jpg,0
neo_skin_core,skin,neonate,0,normal,,test,/kaggle/input/datasets/aiolapo/jaundice-image-data/normal/normal (636).jpg,1
neo_skin_core,skin,neonate,0,normal,,train,/kaggle/input/datasets/aiolapo/jaundice-image-data/normal/normal (637).jpg,0
neo_skin_core,skin,neonate,0,normal,,train,/kaggle/input/datasets/aiolapo/jaundice-image-data/normal/normal (638).jpg,2
neo_skin_core,skin,neonate,0,normal,,train,/kaggle/input/datasets/aiolapo/jaundice-image-data/normal/normal (639).jpg,0
neo_skin_core,skin,neonate,0,normal,,val,/kaggle/input/datasets/aiolapo/jaundice-image-data/normal/normal (640).jpg,0
neo_skin_core,skin,neonate,0,normal,,train,/kaggle/input/datasets/aiolapo/jaundice-image-data/normal/normal (641).jpg,1
neo_skin_core,skin,neonate,0,normal,,val,/kaggle/input/datasets/aiolapo/jaundice-image-data/normal/normal (642).jpg,1
neo_skin_core,skin,neonate,0,normal,,train,/kaggle/input/datasets/aiolapo/jaundice-image-data/normal/normal (643).jpg,0
neo_skin_core,skin,neonate,0,normal,,test,/kaggle/input/datasets/aiolapo/jaundice-image-data/normal/normal (644).jpg,1
neo_skin_core,skin,neonate,0,normal,,train,/kaggle/input/datasets/aiolapo/jaundice-image-data/normal/normal (645).jpg,0
neo_skin_core,skin,neonate,0,normal,,train,/kaggle/input/datasets/aiolapo/jaundice-image-data/normal/normal (646).jpg,1
neo_skin_core,skin,neonate,0,normal,,train,/kaggle/input/datasets/aiolapo/jaundice-image-data/normal/normal (647).jpg,1
neo_skin_core,skin,neonate,0,normal,,train,/kaggle/input/datasets/aiolapo/jaundice-image-data/normal/normal (648).jpg,0
neo_skin_core,skin,neonate,0,normal,,train,/kaggle/input/datasets/aiolapo/jaundice-image-data/normal/normal (649).jpg,0
neo_skin_core,skin,neonate,0,normal,,train,/kaggle/input/datasets/aiolapo/jaundice-image-data/normal/normal (650).jpg,0
neo_skin_core,skin,neonate,0,normal,,test,/kaggle/input/datasets/aiolapo/jaundice-image-data/normal/normal (651).jpg,0
neo_skin_core,skin,neonate,0,normal,,train,/kaggle/input/datasets/aiolapo/jaundice-image-data/normal/normal (652).jpg,0
neo_skin_core,skin,neonate,0,normal,,train,/kaggle/input/datasets/aiolapo/jaundice-image-data/normal/normal (653).jpg,0
neo_skin_core,skin,neonate,0,normal,,train,/kaggle/input/datasets/aiolapo/jaundice-image-data/normal/normal (654).jpg,0
neo_skin_core,skin,neonate,0,normal,,train,/kaggle/input/datasets/aiolapo/jaundice-image-data/normal/normal (655).jpg,0
neo_skin_core,skin,neonate,0,normal,,val,/kaggle/input/datasets/aiolapo/jaundice-image-data/normal/normal (656).jpg,0
neo_skin_core,skin,neonate,0,normal,,val,/kaggle/input/datasets/aiolapo/jaundice-image-data/normal/normal (657).jpg,0
neo_skin_core,skin,neonate,0,normal,,train,/kaggle/input/datasets/aiolapo/jaundice-image-data/normal/normal (658).jpg,1
neo_skin_core,skin,neonate,0,normal,,train,/kaggle/input/datasets/aiolapo/jaundice-image-data/normal/normal (659).jpg,1
neo_skin_core,skin,neonate,0,normal,,val,/kaggle/input/datasets/aiolapo/jaundice-image-data/normal/normal (660).jpg,0
neo_skin_core,skin,neonate,0,normal,,train,/kaggle/input/datasets/aiolapo/jaundice-image-data/normal/normal (661).jpg,0
neo_skin_core,skin,neonate,0,normal,,train,/kaggle/input/datasets/aiolapo/jaundice-image-data/normal/normal (662).jpg,1
neo_skin_core,skin,neonate,0,normal,,train,/kaggle/input/datasets/aiolapo/jaundice-image-data/normal/normal (663).jpg,1
neo_skin_core,skin,neonate,0,normal,,train,/kaggle/input/datasets/aiolapo/jaundice-image-data/normal/normal (664).jpg,1
neo_skin_core,skin,neonate,0,normal,,train,/kaggle/input/datasets/aiolapo/jaundice-image-data/normal/normal (665).jpg,1
neo_skin_core,skin,neonate,0,normal,,test,/kaggle/input/datasets/aiolapo/jaundice-image-data/normal/normal (666).jpg,1
neo_skin_core,skin,neonate,0,normal,,train,/kaggle/input/datasets/aiolapo/jaundice-image-data/normal/normal (667).jpg,1
neo_skin_core,skin,neonate,0,normal,,train,/kaggle/input/datasets/aiolapo/jaundice-image-data/normal/normal (668).jpg,0
neo_skin_core,skin,neonate,0,normal,,train,/kaggle/input/datasets/aiolapo/jaundice-image-data/normal/normal (669).jpg,1
neo_skin_core,skin,neonate,0,normal,,val,/kaggle/input/datasets/aiolapo/jaundice-image-data/normal/normal (670).jpg,0
neo_skin_core,skin,neonate,0,normal,,train,/kaggle/input/datasets/aiolapo/jaundice-image-data/normal/normal (671).jpg,0
neo_skin_core,skin,neonate,0,normal,,test,/kaggle/input/datasets/aiolapo/jaundice-image-data/normal/normal (672).jpg,0
neo_skin_core,skin,neonate,0,normal,,train,/kaggle/input/datasets/aiolapo/jaundice-image-data/normal/normal (673).jpg,0
neo_skin_core,skin,neonate,0,normal,,train,/kaggle/input/datasets/aiolapo/jaundice-image-data/normal/normal (674).jpg,0
neo_skin_core,skin,neonate,0,normal,,test,/kaggle/input/datasets/aiolapo/jaundice-image-data/normal/normal (675).jpg,0
neo_skin_core,skin,neonate,0,normal,,val,/kaggle/input/datasets/aiolapo/jaundice-image-data/normal/normal (676).jpg,0
neo_skin_core,skin,neonate,0,normal,,test,/kaggle/input/datasets/aiolapo/jaundice-image-data/normal/normal (677).jpg,0
neo_skin_core,skin,neonate,0,normal,,train,/kaggle/input/datasets/aiolapo/jaundice-image-data/normal/normal (678).jpg,0
neo_skin_core,skin,neonate,0,normal,,train,/kaggle/input/datasets/aiolapo/jaundice-image-data/normal/normal (679).jpg,0
neo_skin_core,skin,neonate,0,normal,,train,/kaggle/input/datasets/aiolapo/jaundice-image-data/normal/normal (680).jpg,0
neo_skin_core,skin,neonate,0,normal,,train,/kaggle/input/datasets/aiolapo/jaundice-image-data/normal/normal (681).jpg,0
neo_skin_core,skin,neonate,0,normal,,train,/kaggle/input/datasets/aiolapo/jaundice-image-data/normal/normal (682).jpg,0
neo_skin_core,skin,neonate,0,normal,,test,/kaggle/input/datasets/aiolapo/jaundice-image-data/normal/normal (683).jpg,0
neo_skin_core,skin,neonate,0,normal,,val,/kaggle/input/datasets/aiolapo/jaundice-image-data/normal/normal (684).jpg,0
neo_skin_core,skin,neonate,0,normal,,val,/kaggle/input/datasets/aiolapo/jaundice-image-data/normal/normal (685).jpg,0
neo_skin_core,skin,neonate,0,normal,,val,/kaggle/input/datasets/aiolapo/jaundice-image-data/normal/normal (686).jpg,0
neo_skin_core,skin,neonate,0,normal,,train,/kaggle/input/datasets/aiolapo/jaundice-image-data/normal/normal (687).jpg,0
neo_skin_core,skin,neonate,0,normal,,test,/kaggle/input/datasets/aiolapo/jaundice-image-data/normal/normal (688).jpg,0
neo_skin_core,skin,neonate,0,normal,,test,/kaggle/input/datasets/aiolapo/jaundice-image-data/normal/normal (689).jpg,0
neo_skin_core,skin,neonate,0,normal,,train,/kaggle/input/datasets/aiolapo/jaundice-image-data/normal/normal (690).jpg,0
neo_skin_core,skin,neonate,0,normal,,test,/kaggle/input/datasets/aiolapo/jaundice-image-data/normal/normal (691).jpg,1
neo_skin_core,skin,neonate,0,normal,,train,/kaggle/input/datasets/aiolapo/jaundice-image-data/normal/normal (692).jpg,1
neo_skin_core,skin,neonate,0,normal,,train,/kaggle/input/datasets/aiolapo/jaundice-image-data/normal/normal (693).jpg,0
neo_skin_core,skin,neonate,0,normal,,val,/kaggle/input/datasets/aiolapo/jaundice-image-data/normal/normal (694).jpg,1
neo_skin_core,skin,neonate,0,normal,,val,/kaggle/input/datasets/aiolapo/jaundice-image-data/normal/normal (695).jpg,0
neo_skin_core,skin,neonate,0,normal,,train,/kaggle/input/datasets/aiolapo/jaundice-image-data/normal/normal (696).jpg,0
neo_skin_core,skin,neonate,0,normal,,train,/kaggle/input/datasets/aiolapo/jaundice-image-data/normal/normal (697).jpg,1
neo_skin_core,skin,neonate,0,normal,,train,/kaggle/input/datasets/aiolapo/jaundice-image-data/normal/normal (698).jpg,0
neo_skin_core,skin,neonate,0,normal,,train,/kaggle/input/datasets/aiolapo/jaundice-image-data/normal/normal (699).jpg,1
neo_skin_core,skin,neonate,0,normal,,val,/kaggle/input/datasets/aiolapo/jaundice-image-data/normal/normal (700).jpg,0
neo_skin_core,skin,neonate,0,normal,,train,/kaggle/input/datasets/aiolapo/jaundice-image-data/normal/normal (701).jpg,0
neo_skin_core,skin,neonate,0,normal,,train,/kaggle/input/datasets/aiolapo/jaundice-image-data/normal/normal (702).jpg,0
neo_skin_core,skin,neonate,0,normal,,train,/kaggle/input/datasets/aiolapo/jaundice-image-data/normal/normal (703).jpg,0
neo_skin_core,skin,neonate,0,normal,,train,/kaggle/input/datasets/aiolapo/jaundice-image-data/normal/normal (704).jpg,0
neo_skin_core,skin,neonate,0,normal,,train,/kaggle/input/datasets/aiolapo/jaundice-image-data/normal/normal (705).jpg,0
neo_skin_core,skin,neonate,0,normal,,test,/kaggle/input/datasets/aiolapo/jaundice-image-data/normal/normal (706).jpg,0
neo_skin_core,skin,neonate,0,normal,,test,/kaggle/input/datasets/aiolapo/jaundice-image-data/normal/normal (707).jpg,0
neo_skin_core,skin,neonate,0,normal,,train,/kaggle/input/datasets/aiolapo/jaundice-image-data/normal/normal (708).jpg,0
neo_skin_core,skin,neonate,0,normal,,train,/kaggle/input/datasets/aiolapo/jaundice-image-data/normal/normal (709).jpg,1
neo_skin_core,skin,neonate,0,normal,,test,/kaggle/input/datasets/aiolapo/jaundice-image-data/normal/normal (710).jpg,1
neo_skin_core,skin,neonate,0,normal,,train,/kaggle/input/datasets/aiolapo/jaundice-image-data/normal/normal (711).jpg,0
neo_skin_core,skin,neonate,0,normal,,train,/kaggle/input/datasets/aiolapo/jaundice-image-data/normal/normal (712).jpg,0
neo_skin_core,skin,neonate,0,normal,,train,/kaggle/input/datasets/aiolapo/jaundice-image-data/normal/normal (713).jpg,1
neo_skin_core,skin,neonate,0,normal,,test,/kaggle/input/datasets/aiolapo/jaundice-image-data/normal/normal (714).jpg,0
neo_skin_core,skin,neonate,0,normal,,val,/kaggle/input/datasets/aiolapo/jaundice-image-data/normal/normal (715).jpg,1
neo_skin_core,skin,neonate,0,normal,,train,/kaggle/input/datasets/aiolapo/jaundice-image-data/normal/normal (716).jpg,0
neo_skin_core,skin,neonate,0,normal,,val,/kaggle/input/datasets/aiolapo/jaundice-image-data/normal/normal (717).jpg,0
neo_skin_core,skin,neonate,0,normal,,train,/kaggle/input/datasets/aiolapo/jaundice-image-data/normal/normal (718).jpg,0
neo_skin_core,skin,neonate,0,normal,,train,/kaggle/input/datasets/aiolapo/jaundice-image-data/normal/normal (719).jpg,0
neo_skin_core,skin,neonate,0,normal,,test,/kaggle/input/datasets/aiolapo/jaundice-image-data/normal/normal (720).jpg,0
neo_skin_core,skin,neonate,0,normal,,train,/kaggle/input/datasets/aiolapo/jaundice-image-data/normal/normal (721).jpg,0
neo_skin_core,skin,neonate,0,normal,,val,/kaggle/input/datasets/aiolapo/jaundice-image-data/normal/normal (722).jpg,1
neo_skin_core,skin,neonate,0,normal,,train,/kaggle/input/datasets/aiolapo/jaundice-image-data/normal/normal (723).jpg,0
neo_skin_core,skin,neonate,0,normal,,train,/kaggle/input/datasets/aiolapo/jaundice-image-data/normal/normal (724).jpg,0
neo_skin_core,skin,neonate,0,normal,,val,/kaggle/input/datasets/aiolapo/jaundice-image-data/normal/normal (725).jpg,0
neo_skin_core,skin,neonate,0,normal,,train,/kaggle/input/datasets/aiolapo/jaundice-image-data/normal/normal (726).jpg,0
neo_skin_core,skin,neonate,0,normal,,test,/kaggle/input/datasets/aiolapo/jaundice-image-data/normal/normal (727).jpg,0
neo_skin_core,skin,neonate,0,normal,,train,/kaggle/input/datasets/aiolapo/jaundice-image-data/normal/normal (728).jpg,0
neo_skin_core,skin,neonate,0,normal,,train,/kaggle/input/datasets/aiolapo/jaundice-image-data/normal/normal (729).jpg,1
neo_skin_core,skin,neonate,0,normal,,val,/kaggle/input/datasets/aiolapo/jaundice-image-data/normal/normal (730).jpg,0
neo_skin_core,skin,neonate,0,normal,,train,/kaggle/input/datasets/aiolapo/jaundice-image-data/normal/normal (731).jpg,0
neo_skin_core,skin,neonate,0,normal,,train,/kaggle/input/datasets/aiolapo/jaundice-image-data/normal/normal (732).jpg,0
neo_skin_core,skin,neonate,0,normal,,test,/kaggle/input/datasets/aiolapo/jaundice-image-data/normal/normal (733).jpg,1
neo_skin_core,skin,neonate,0,normal,,train,/kaggle/input/datasets/aiolapo/jaundice-image-data/normal/normal (734).jpg,0
neo_skin_core,skin,neonate,0,normal,,train,/kaggle/input/datasets/aiolapo/jaundice-image-data/normal/normal (735).jpg,1
neo_skin_core,skin,neonate,0,normal,,train,/kaggle/input/datasets/aiolapo/jaundice-image-data/normal/normal (736).jpg,0
neo_skin_core,skin,neonate,0,normal,,val,/kaggle/input/datasets/aiolapo/jaundice-image-data/normal/normal (737).jpg,1
neo_skin_core,skin,neonate,0,normal,,train,/kaggle/input/datasets/aiolapo/jaundice-image-data/normal/normal (738).jpg,0
neo_skin_core,skin,neonate,0,normal,,train,/kaggle/input/datasets/aiolapo/jaundice-image-data/normal/normal (739).jpg,1
neo_skin_core,skin,neonate,0,normal,,train,/kaggle/input/datasets/aiolapo/jaundice-image-data/normal/normal (740).jpg,1
neo_skin_core,skin,neonate,0,normal,,train,/kaggle/input/datasets/aiolapo/jaundice-image-data/normal/normal (741).jpg,1
neo_skin_core,skin,neonate,0,normal,,test,/kaggle/input/datasets/aiolapo/jaundice-image-data/normal/normal (742).jpg,0
neo_skin_core,skin,neonate,0,normal,,test,/kaggle/input/datasets/aiolapo/jaundice-image-data/normal/normal (743).jpg,1
neo_skin_core,skin,neonate,0,normal,,train,/kaggle/input/datasets/aiolapo/jaundice-image-data/normal/normal (744).jpg,0
neo_skin_core,skin,neonate,0,normal,,val,/kaggle/input/datasets/aiolapo/jaundice-image-data/normal/normal (745).jpg,0
neo_skin_core,skin,neonate,0,normal,,val,/kaggle/input/datasets/aiolapo/jaundice-image-data/normal/normal (746).jpg,1
neo_skin_core,skin,neonate,0,normal,,train,/kaggle/input/datasets/aiolapo/jaundice-image-data/normal/normal (747).jpg,1
neo_skin_core,skin,neonate,0,normal,,train,/kaggle/input/datasets/aiolapo/jaundice-image-data/normal/normal (748).jpg,0
neo_skin_core,skin,neonate,0,normal,,train,/kaggle/input/datasets/aiolapo/jaundice-image-data/normal/normal (749).jpg,0
neo_skin_core,skin,neonate,0,normal,,train,/kaggle/input/datasets/aiolapo/jaundice-image-data/normal/normal (750).jpg,1
neo_skin_core,skin,neonate,0,normal,,train,/kaggle/input/datasets/aiolapo/jaundice-image-data/normal/normal (751).jpg,1
neo_skin_core,skin,neonate,0,normal,,val,/kaggle/input/datasets/aiolapo/jaundice-image-data/normal/normal (752).jpg,1
neo_skin_core,skin,neonate,0,normal,,train,/kaggle/input/datasets/aiolapo/jaundice-image-data/normal/normal (753).jpg,1
neo_skin_core,skin,neonate,0,normal,,train,/kaggle/input/datasets/aiolapo/jaundice-image-data/normal/normal (754).jpg,1
neo_skin_core,skin,neonate,0,normal,,train,/kaggle/input/datasets/aiolapo/jaundice-image-data/normal/normal (755).jpg,0
neo_skin_core,skin,neonate,0,normal,,train,/kaggle/input/datasets/aiolapo/jaundice-image-data/normal/normal (756).jpg,0
neo_skin_core,skin,neonate,0,normal,,train,/kaggle/input/datasets/aiolapo/jaundice-image-data/normal/normal (757).jpg,0
neo_skin_core,skin,neonate,0,normal,,train,/kaggle/input/datasets/aiolapo/jaundice-image-data/normal/normal (758).jpg,0
neo_skin_core,skin,neonate,0,normal,,val,/kaggle/input/datasets/aiolapo/jaundice-image-data/normal/normal (759).jpg,1
neo_skin_core,skin,neonate,0,normal,,val,/kaggle/input/datasets/aiolapo/jaundice-image-data/normal/normal (760).jpg,1
neo_skin_core,skin,neonate,0,normal,,val,/kaggle/input/datasets/aiolapo/jaundice-image-data/normal/normal (761).jpg,0
neo_skin_core,skin,neonate,0,normal,,train,/kaggle/input/datasets/aiolapo/jaundice-image-data/normal/normal (762).jpg,1
neo_skin_core,skin,neonate,0,normal,,train,/kaggle/input/datasets/aiolapo/jaundice-image-data/normal/normal (763).jpg,1
neo_skin_core,skin,neonate,0,normal,,test,/kaggle/input/datasets/aiolapo/jaundice-image-data/normal/normal (764).jpg,1
neo_skin_core,skin,neonate,0,normal,,train,/kaggle/input/datasets/aiolapo/jaundice-image-data/normal/normal (765).jpg,0
neo_skin_core,skin,neonate,0,normal,,train,/kaggle/input/datasets/aiolapo/jaundice-image-data/normal/normal (766).jpg,1
neo_skin_core,skin,neonate,0,normal,,val,/kaggle/input/datasets/aiolapo/jaundice-image-data/normal/normal (767).jpg,0
neo_skin_core,skin,neonate,0,normal,,train,/kaggle/input/datasets/aiolapo/jaundice-image-data/normal/normal (768).jpg,1
neo_skin_core,skin,neonate,0,normal,,train,/kaggle/input/datasets/aiolapo/jaundice-image-data/normal/normal (769).jpg,0
neo_skin_core,skin,neonate,0,normal,,val,/kaggle/input/datasets/aiolapo/jaundice-image-data/normal/normal (770).jpg,2
neo_skin_core,skin,neonate,0,normal,,train,/kaggle/input/datasets/aiolapo/jaundice-image-data/normal/normal (771).jpg,1
neo_skin_core,skin,neonate,0,normal,,train,/kaggle/input/datasets/aiolapo/jaundice-image-data/normal/normal (772).jpg,1
neo_skin_core,skin,neonate,0,normal,,train,/kaggle/input/datasets/aiolapo/jaundice-image-data/normal/normal (773).jpg,1
neo_skin_core,skin,neonate,0,normal,,val,/kaggle/input/datasets/aiolapo/jaundice-image-data/normal/normal (774).jpg,1
neo_skin_core,skin,neonate,0,normal,,test,/kaggle/input/datasets/aiolapo/jaundice-image-data/normal/normal (775).jpg,1
neo_skin_core,skin,neonate,0,normal,,train,/kaggle/input/datasets/aiolapo/jaundice-image-data/normal/normal (776).jpg,1
neo_skin_core,skin,neonate,0,normal,,train,/kaggle/input/datasets/aiolapo/jaundice-image-data/normal/normal (777).jpg,1
neo_skin_core,skin,neonate,0,normal,,test,/kaggle/input/datasets/aiolapo/jaundice-image-data/normal/normal (778).jpg,2
neo_skin_core,skin,neonate,0,normal,,train,/kaggle/input/datasets/aiolapo/jaundice-image-data/normal/normal (779).jpg,2
neo_skin_core,skin,neonate,0,normal,,train,/kaggle/input/datasets/aiolapo/jaundice-image-data/normal/normal (780).jpg,2
neo_skin_core,skin,neonate,0,normal,,train,/kaggle/input/datasets/aiolapo/jaundice-image-data/normal/normal (781).jpg,1
neo_skin_core,skin,neonate,0,normal,,train,/kaggle/input/datasets/aiolapo/jaundice-image-data/normal/normal (782).jpg,2
neo_skin_core,skin,neonate,0,normal,,train,/kaggle/input/datasets/aiolapo/jaundice-image-data/normal/normal (783).jpg,2
neo_skin_core,skin,neonate,0,normal,,test,/kaggle/input/datasets/aiolapo/jaundice-image-data/normal/normal (784).jpg,1
neo_skin_core,skin,neonate,0,normal,,train,/kaggle/input/datasets/aiolapo/jaundice-image-data/normal/normal (785).jpg,0
neo_skin_core,skin,neonate,0,normal,,train,/kaggle/input/datasets/aiolapo/jaundice-image-data/normal/normal (786).jpg,0
neo_skin_core,skin,neonate,0,normal,,train,/kaggle/input/datasets/aiolapo/jaundice-image-data/normal/normal (787).jpg,1
neo_skin_core,skin,neonate,0,normal,,test,/kaggle/input/datasets/aiolapo/jaundice-image-data/normal/normal (788).jpg,1
neo_skin_core,skin,neonate,0,normal,,test,/kaggle/input/datasets/aiolapo/jaundice-image-data/normal/normal (789).jpg,0
neo_skin_core,skin,neonate,0,normal,,test,/kaggle/input/datasets/aiolapo/jaundice-image-data/normal/normal (790).jpg,0
neo_skin_core,skin,neonate,0,normal,,train,/kaggle/input/datasets/aiolapo/jaundice-image-data/normal/normal (791).jpg,0
neo_skin_core,skin,neonate,0,normal,,val,/kaggle/input/datasets/aiolapo/jaundice-image-data/normal/normal (792).jpg,1
neo_skin_core,skin,neonate,0,normal,,train,/kaggle/input/datasets/aiolapo/jaundice-image-data/normal/normal (793).jpg,0
neo_skin_core,skin,neonate,0,normal,,test,/kaggle/input/datasets/aiolapo/jaundice-image-data/normal/normal (794).jpg,0
neo_skin_core,skin,neonate,0,normal,,train,/kaggle/input/datasets/aiolapo/jaundice-image-data/normal/normal (795).jpg,0
neo_skin_core,skin,neonate,0,normal,,train,/kaggle/input/datasets/aiolapo/jaundice-image-data/normal/normal (796).jpg,0
neo_skin_core,skin,neonate,0,normal,,val,/kaggle/input/datasets/aiolapo/jaundice-image-data/normal/normal (797).jpg,1
neo_skin_core,skin,neonate,0,normal,,train,/kaggle/input/datasets/aiolapo/jaundice-image-data/normal/normal (798).jpg,0
neo_skin_core,skin,neonate,0,normal,,train,/kaggle/input/datasets/aiolapo/jaundice-image-data/normal/normal (799).jpg,1
neo_skin_core,skin,neonate,0,normal,,train,/kaggle/input/datasets/aiolapo/jaundice-image-data/normal/normal (800).jpg,1
neo_skin_core,skin,neonate,0,normal,,val,/kaggle/input/datasets/aiolapo/jaundice-image-data/normal/normal (801).jpg,1
neo_skin_core,skin,neonate,0,normal,,val,/kaggle/input/datasets/aiolapo/jaundice-image-data/normal/normal (802).jpg,1
neo_skin_core,skin,neonate,0,normal,,train,/kaggle/input/datasets/aiolapo/jaundice-image-data/normal/normal (803).jpg,1
neo_skin_core,skin,neonate,0,normal,,train,/kaggle/input/datasets/aiolapo/jaundice-image-data/normal/normal (804).jpg,0
neo_skin_core,skin,neonate,0,normal,,val,/kaggle/input/datasets/aiolapo/jaundice-image-data/normal/normal (805).jpg,1
neo_skin_core,skin,neonate,0,normal,,train,/kaggle/input/datasets/aiolapo/jaundice-image-data/normal/normal (806).jpg,0
neo_skin_core,skin,neonate,0,normal,,train,/kaggle/input/datasets/aiolapo/jaundice-image-data/normal/normal (807).jpg,0
neo_skin_core,skin,neonate,0,normal,,train,/kaggle/input/datasets/aiolapo/jaundice-image-data/normal/normal (808).jpg,0
neo_skin_core,skin,neonate,0,normal,,train,/kaggle/input/datasets/aiolapo/jaundice-image-data/normal/normal (809).jpg,0
neo_skin_core,skin,neonate,0,normal,,train,/kaggle/input/datasets/aiolapo/jaundice-image-data/normal/normal (810).jpg,1
neo_skin_core,skin,neonate,0,normal,,train,/kaggle/input/datasets/aiolapo/jaundice-image-data/normal/normal (811).jpg,1
neo_skin_core,skin,neonate,0,normal,,test,/kaggle/input/datasets/aiolapo/jaundice-image-data/normal/normal (812).jpg,1
neo_skin_core,skin,neonate,0,normal,,train,/kaggle/input/datasets/aiolapo/jaundice-image-data/normal/normal (813).jpg,1
neo_skin_core,skin,neonate,0,normal,,train,/kaggle/input/datasets/aiolapo/jaundice-image-data/normal/normal (814).jpg,1
neo_skin_core,skin,neonate,0,normal,,val,/kaggle/input/datasets/aiolapo/jaundice-image-data/normal/normal (815).jpg,1
neo_skin_core,skin,neonate,0,normal,,train,/kaggle/input/datasets/aiolapo/jaundice-image-data/normal/normal (816).jpg,1
neo_skin_core,skin,neonate,0,normal,,train,/kaggle/input/datasets/aiolapo/jaundice-image-data/normal/normal (817).jpg,0
neo_skin_core,skin,neonate,0,normal,,train,/kaggle/input/datasets/aiolapo/jaundice-image-data/normal/normal (818).jpg,1
neo_skin_core,skin,neonate,0,normal,,train,/kaggle/input/datasets/aiolapo/jaundice-image-data/normal/normal (819).jpg,1
neo_skin_core,skin,neonate,0,normal,,train,/kaggle/input/datasets/aiolapo/jaundice-image-data/normal/normal (820).jpg,1
neo_skin_core,skin,neonate,0,normal,,train,/kaggle/input/datasets/aiolapo/jaundice-image-data/normal/normal (821).jpg,0
neo_skin_core,skin,neonate,0,normal,,train,/kaggle/input/datasets/aiolapo/jaundice-image-data/normal/normal (822).jpg,1
neo_skin_core,skin,neonate,0,normal,,train,/kaggle/input/datasets/aiolapo/jaundice-image-data/normal/normal (823).jpg,1
neo_skin_core,skin,neonate,0,normal,,train,/kaggle/input/datasets/aiolapo/jaundice-image-data/normal/normal (824).jpg,2
neo_skin_core,skin,neonate,0,normal,,test,/kaggle/input/datasets/aiolapo/jaundice-image-data/normal/normal (825).jpg,1
neo_skin_core,skin,neonate,0,normal,,train,/kaggle/input/datasets/aiolapo/jaundice-image-data/normal/normal (826).jpg,0
neo_skin_core,skin,neonate,0,normal,,test,/kaggle/input/datasets/aiolapo/jaundice-image-data/normal/normal (827).jpg,1
neo_skin_core,skin,neonate,0,normal,,train,/kaggle/input/datasets/aiolapo/jaundice-image-data/normal/normal (828).jpg,1
neo_skin_core,skin,neonate,0,normal,,train,/kaggle/input/datasets/aiolapo/jaundice-image-data/normal/normal (829).jpg,2
neo_skin_core,skin,neonate,0,normal,,val,/kaggle/input/datasets/aiolapo/jaundice-image-data/normal/normal (830).jpg,2
neo_skin_core,skin,neonate,0,normal,,train,/kaggle/input/datasets/aiolapo/jaundice-image-data/normal/normal (831).jpg,2
neo_skin_core,skin,neonate,0,normal,,train,/kaggle/input/datasets/aiolapo/jaundice-image-data/normal/normal (832).jpg,2
neo_skin_core,skin,neonate,0,normal,,train,/kaggle/input/datasets/aiolapo/jaundice-image-data/normal/normal (833).jpg,0
neo_skin_core,skin,neonate,0,normal,,train,/kaggle/input/datasets/aiolapo/jaundice-image-data/normal/normal (834).jpg,1
neo_skin_core,skin,neonate,0,normal,,train,/kaggle/input/datasets/aiolapo/jaundice-image-data/normal/normal (835).jpg,1
neo_skin_core,skin,neonate,0,normal,,train,/kaggle/input/datasets/aiolapo/jaundice-image-data/normal/normal (836).jpg,1
neo_skin_core,skin,neonate,0,normal,,train,/kaggle/input/datasets/aiolapo/jaundice-image-data/normal/normal (837).jpg,1
neo_skin_core,skin,neonate,0,normal,,train,/kaggle/input/datasets/aiolapo/jaundice-image-data/normal/normal (838).jpg,1
neo_skin_core,skin,neonate,0,normal,,train,/kaggle/input/datasets/aiolapo/jaundice-image-data/normal/normal (839).jpg,0
neo_skin_core,skin,neonate,0,normal,,train,/kaggle/input/datasets/aiolapo/jaundice-image-data/normal/normal (840).jpg,1
neo_skin_core,skin,neonate,0,normal,,train,/kaggle/input/datasets/aiolapo/jaundice-image-data/normal/normal (841).jpg,1
neo_skin_core,skin,neonate,0,normal,,train,/kaggle/input/datasets/aiolapo/jaundice-image-data/normal/normal (842).jpg,1
neo_skin_core,skin,neonate,0,normal,,train,/kaggle/input/datasets/aiolapo/jaundice-image-data/normal/normal (843).jpg,0
neo_skin_core,skin,neonate,0,normal,,train,/kaggle/input/datasets/aiolapo/jaundice-image-data/normal/normal (844).jpg,1
neo_skin_core,skin,neonate,0,normal,,test,/kaggle/input/datasets/aiolapo/jaundice-image-data/normal/normal (845).jpg,1
neo_skin_core,skin,neonate,0,normal,,train,/kaggle/input/datasets/aiolapo/jaundice-image-data/normal/normal (846).jpg,0
neo_skin_core,skin,neonate,0,normal,,train,/kaggle/input/datasets/aiolapo/jaundice-image-data/normal/normal (847).jpg,0
neo_skin_core,skin,neonate,0,normal,,test,/kaggle/input/datasets/aiolapo/jaundice-image-data/normal/normal (848).jpg,0
neo_skin_core,skin,neonate,0,normal,,train,/kaggle/input/datasets/aiolapo/jaundice-image-data/normal/normal (849).jpg,0
neo_skin_core,skin,neonate,0,normal,,train,/kaggle/input/datasets/aiolapo/jaundice-image-data/normal/normal (850).jpg,1
neo_skin_core,skin,neonate,0,normal,,test,/kaggle/input/datasets/aiolapo/jaundice-image-data/normal/normal (851).jpg,1
neo_skin_core,skin,neonate,0,normal,,train,/kaggle/input/datasets/aiolapo/jaundice-image-data/normal/normal (852).jpg,1
neo_skin_core,skin,neonate,0,normal,,train,/kaggle/input/datasets/aiolapo/jaundice-image-data/normal/normal (853).jpg,1
neo_skin_core,skin,neonate,0,normal,,train,/kaggle/input/datasets/aiolapo/jaundice-image-data/normal/normal (854).jpg,1
neo_skin_core,skin,neonate,0,normal,,val,/kaggle/input/datasets/aiolapo/jaundice-image-data/normal/normal (855).jpg,1
neo_skin_core,skin,neonate,0,normal,,train,/kaggle/input/datasets/aiolapo/jaundice-image-data/normal/normal (856).jpg,2
neo_skin_core,skin,neonate,0,normal,,train,/kaggle/input/datasets/aiolapo/jaundice-image-data/normal/normal (857).jpg,0
neo_skin_core,skin,neonate,0,normal,,train,/kaggle/input/datasets/aiolapo/jaundice-image-data/normal/normal (858).jpg,0
neo_skin_core,skin,neonate,0,normal,,test,/kaggle/input/datasets/aiolapo/jaundice-image-data/normal/normal (859).jpg,0
neo_skin_core,skin,neonate,0,normal,,train,/kaggle/input/datasets/aiolapo/jaundice-image-data/normal/normal (860).jpg,0
neo_skin_core,skin,neonate,0,normal,,train,/kaggle/input/datasets/aiolapo/jaundice-image-data/normal/normal (861).jpg,0
neo_skin_core,skin,neonate,0,normal,,train,/kaggle/input/datasets/aiolapo/jaundice-image-data/normal/normal (862).jpg,1
neo_skin_core,skin,neonate,0,normal,,train,/kaggle/input/datasets/aiolapo/jaundice-image-data/normal/normal (863).jpg,0
neo_skin_core,skin,neonate,0,normal,,val,/kaggle/input/datasets/aiolapo/jaundice-image-data/normal/normal (864).jpg,0
neo_skin_core,skin,neonate,0,normal,,test,/kaggle/input/datasets/aiolapo/jaundice-image-data/normal/normal (865).jpg,0
neo_skin_core,skin,neonate,0,normal,,test,/kaggle/input/datasets/aiolapo/jaundice-image-data/normal/normal (866).jpg,0
neo_skin_core,skin,neonate,0,normal,,train,/kaggle/input/datasets/aiolapo/jaundice-image-data/normal/normal (867).jpg,0
neo_skin_core,skin,neonate,0,normal,,val,/kaggle/input/datasets/aiolapo/jaundice-image-data/normal/normal (868).jpg,1
neo_skin_core,skin,neonate,0,normal,,val,/kaggle/input/datasets/aiolapo/jaundice-image-data/normal/normal (869).jpg,1
neo_skin_core,skin,neonate,0,normal,,train,/kaggle/input/datasets/aiolapo/jaundice-image-data/normal/normal (870).jpg,1
neo_skin_core,skin,neonate,0,normal,,val,/kaggle/input/datasets/aiolapo/jaundice-image-data/normal/normal (871).jpg,1
neo_skin_core,skin,neonate,0,normal,,val,/kaggle/input/datasets/aiolapo/jaundice-image-data/normal/normal (872).jpg,1
neo_skin_core,skin,neonate,0,normal,,test,/kaggle/input/datasets/aiolapo/jaundice-image-data/normal/normal (873).jpg,1
neo_skin_core,skin,neonate,0,normal,,train,/kaggle/input/datasets/aiolapo/jaundice-image-data/normal/normal (874).jpg,1
neo_skin_core,skin,neonate,0,normal,,train,/kaggle/input/datasets/aiolapo/jaundice-image-data/normal/normal (875).jpg,1
neo_skin_core,skin,neonate,0,normal,,train,/kaggle/input/datasets/aiolapo/jaundice-image-data/normal/normal (876).jpg,1
neo_skin_core,skin,neonate,0,normal,,train,/kaggle/input/datasets/aiolapo/jaundice-image-data/normal/normal (877).jpg,1
neo_skin_core,skin,neonate,0,normal,,train,/kaggle/input/datasets/aiolapo/jaundice-image-data/normal/normal (878).jpg,1
neo_skin_core,skin,neonate,0,normal,,train,/kaggle/input/datasets/aiolapo/jaundice-image-data/normal/normal (879).jpg,1
neo_skin_core,skin,neonate,0,normal,,test,/kaggle/input/datasets/aiolapo/jaundice-image-data/normal/normal (880).jpg,1
neo_skin_core,skin,neonate,0,normal,,train,/kaggle/input/datasets/aiolapo/jaundice-image-data/normal/normal (881).jpg,0
neo_skin_core,skin,neonate,0,normal,,train,/kaggle/input/datasets/aiolapo/jaundice-image-data/normal/normal (882).jpg,0
neo_skin_core,skin,neonate,0,normal,,train,/kaggle/input/datasets/aiolapo/jaundice-image-data/normal/normal (883).jpg,0
neo_skin_core,skin,neonate,0,normal,,train,/kaggle/input/datasets/aiolapo/jaundice-image-data/normal/normal (884).jpg,1
neo_skin_core,skin,neonate,0,normal,,train,/kaggle/input/datasets/aiolapo/jaundice-image-data/normal/normal (885).jpg,2
neo_skin_core,skin,neonate,0,normal,,train,/kaggle/input/datasets/aiolapo/jaundice-image-data/normal/normal (886).jpg,2
neo_skin_core,skin,neonate,0,normal,,train,/kaggle/input/datasets/aiolapo/jaundice-image-data/normal/normal (887).jpg,2
neo_skin_core,skin,neonate,0,normal,,test,/kaggle/input/datasets/aiolapo/jaundice-image-data/normal/normal (888).jpg,0
neo_skin_core,skin,neonate,0,normal,,train,/kaggle/input/datasets/aiolapo/jaundice-image-data/normal/normal (889).jpg,2
neo_skin_core,skin,neonate,0,normal,,train,/kaggle/input/datasets/aiolapo/jaundice-image-data/normal/normal (890).jpg,2
neo_skin_core,skin,neonate,0,normal,,train,/kaggle/input/datasets/aiolapo/jaundice-image-data/normal/normal (891).jpg,2
neo_skin_core,skin,neonate,0,normal,,train,/kaggle/input/datasets/aiolapo/jaundice-image-data/normal/normal (892).jpg,0
neo_skin_core,skin,neonate,0,normal,,val,/kaggle/input/datasets/aiolapo/jaundice-image-data/normal/normal (893).jpg,0
neo_skin_core,skin,neonate,0,normal,,val,/kaggle/input/datasets/aiolapo/jaundice-image-data/normal/normal (894).jpg,0
neo_skin_core,skin,neonate,0,normal,,test,/kaggle/input/datasets/aiolapo/jaundice-image-data/normal/normal (895).jpg,2
neo_skin_core,skin,neonate,0,normal,,train,/kaggle/input/datasets/aiolapo/jaundice-image-data/normal/normal (896).jpg,0
neo_skin_core,skin,neonate,0,normal,,train,/kaggle/input/datasets/aiolapo/jaundice-image-data/normal/normal (897).jpg,1
neo_skin_core,skin,neonate,0,normal,,train,/kaggle/input/datasets/aiolapo/jaundice-image-data/normal/normal (898).jpg,0
neo_skin_core,skin,neonate,0,normal,,val,/kaggle/input/datasets/aiolapo/jaundice-image-data/normal/normal (899).jpg,0
neo_skin_core,skin,neonate,0,normal,,train,/kaggle/input/datasets/aiolapo/jaundice-image-data/normal/normal (900).jpg,1
neo_skin_core,skin,neonate,0,normal,,train,/kaggle/input/datasets/aiolapo/jaundice-image-data/normal/normal (901).jpg,1
neo_skin_core,skin,neonate,0,normal,,test,/kaggle/input/datasets/aiolapo/jaundice-image-data/normal/normal (902).jpg,0
neo_skin_core,skin,neonate,0,normal,,val,/kaggle/input/datasets/aiolapo/jaundice-image-data/normal/normal (903).jpg,1
neo_skin_core,skin,neonate,0,normal,,train,/kaggle/input/datasets/aiolapo/jaundice-image-data/normal/normal (904).jpg,1
neo_skin_core,skin,neonate,0,normal,,train,/kaggle/input/datasets/aiolapo/jaundice-image-data/normal/normal (905).jpg,1
neo_skin_core,skin,neonate,0,normal,,test,/kaggle/input/datasets/aiolapo/jaundice-image-data/normal/normal (906).jpg,1
neo_skin_core,skin,neonate,0,normal,,test,/kaggle/input/datasets/aiolapo/jaundice-image-data/normal/normal (907).jpg,1
neo_skin_core,skin,neonate,0,normal,,train,/kaggle/input/datasets/aiolapo/jaundice-image-data/normal/normal (908).jpg,1
neo_skin_core,skin,neonate,0,normal,,test,/kaggle/input/datasets/aiolapo/jaundice-image-data/normal/normal (909).jpg,1
neo_skin_core,skin,neonate,0,normal,,val,/kaggle/input/datasets/aiolapo/jaundice-image-data/normal/normal (910).jpg,0
neo_skin_core,skin,neonate,0,normal,,train,/kaggle/input/datasets/aiolapo/jaundice-image-data/normal/normal (911).jpg,1
neo_skin_core,skin,neonate,0,normal,,train,/kaggle/input/datasets/aiolapo/jaundice-image-data/normal/normal (912).jpg,0
neo_skin_core,skin,neonate,0,normal,,test,/kaggle/input/datasets/aiolapo/jaundice-image-data/normal/normal (913).jpg,1
neo_skin_core,skin,neonate,0,normal,,test,/kaggle/input/datasets/aiolapo/jaundice-image-data/normal/normal (914).jpg,0
neo_skin_core,skin,neonate,0,normal,,train,/kaggle/input/datasets/aiolapo/jaundice-image-data/normal/normal (915).jpg,0
neo_skin_core,skin,neonate,0,normal,,train,/kaggle/input/datasets/aiolapo/jaundice-image-data/normal/normal (916).jpg,0
neo_skin_core,skin,neonate,0,normal,,test,/kaggle/input/datasets/aiolapo/jaundice-image-data/normal/normal (917).jpg,0
neo_skin_core,skin,neonate,0,normal,,test,/kaggle/input/datasets/aiolapo/jaundice-image-data/normal/normal (918).jpg,0
neo_skin_core,skin,neonate,0,normal,,train,/kaggle/input/datasets/aiolapo/jaundice-image-data/normal/normal (919).jpg,1
neo_skin_core,skin,neonate,0,normal,,val,/kaggle/input/datasets/aiolapo/jaundice-image-data/normal/normal (920).jpg,0
neo_skin_core,skin,neonate,0,normal,,train,/kaggle/input/datasets/aiolapo/jaundice-image-data/normal/normal (921).jpg,2
neo_skin_core,skin,neonate,0,normal,,val,/kaggle/input/datasets/aiolapo/jaundice-image-data/normal/normal (922).jpg,2
neo_skin_core,skin,neonate,0,normal,,train,/kaggle/input/datasets/aiolapo/jaundice-image-data/normal/normal (923).jpg,2
neo_skin_core,skin,neonate,0,normal,,train,/kaggle/input/datasets/aiolapo/jaundice-image-data/normal/normal (924).jpg,2
neo_skin_core,skin,neonate,0,normal,,train,/kaggle/input/datasets/aiolapo/jaundice-image-data/normal/normal (925).jpg,2
neo_skin_core,skin,neonate,0,normal,,val,/kaggle/input/datasets/aiolapo/jaundice-image-data/normal/normal (926).jpg,0
neo_skin_core,skin,neonate,0,normal,,val,/kaggle/input/datasets/aiolapo/jaundice-image-data/normal/normal (927).jpg,0
neo_skin_core,skin,neonate,0,normal,,train,/kaggle/input/datasets/aiolapo/jaundice-image-data/normal/normal (928).jpg,0
neo_skin_core,skin,neonate,0,normal,,train,/kaggle/input/datasets/aiolapo/jaundice-image-data/normal/normal (929).jpg,0
neo_skin_core,skin,neonate,0,normal,,test,/kaggle/input/datasets/aiolapo/jaundice-image-data/normal/normal (930).jpg,0
neo_skin_core,skin,neonate,0,normal,,train,/kaggle/input/datasets/aiolapo/jaundice-image-data/normal/normal (931).jpg,1
neo_skin_core,skin,neonate,0,normal,,train,/kaggle/input/datasets/aiolapo/jaundice-image-data/normal/normal (932).jpg,1
neo_skin_core,skin,neonate,0,normal,,train,/kaggle/input/datasets/aiolapo/jaundice-image-data/normal/normal (933).jpg,0
neo_skin_core,skin,neonate,0,normal,,train,/kaggle/input/datasets/aiolapo/jaundice-image-data/normal/normal (934).jpg,1
neo_skin_core,skin,neonate,0,normal,,train,/kaggle/input/datasets/aiolapo/jaundice-image-data/normal/normal (935).jpg,0
neo_skin_core,skin,neonate,0,normal,,train,/kaggle/input/datasets/aiolapo/jaundice-image-data/normal/normal (936).jpg,0
neo_skin_core,skin,neonate,0,normal,,train,/kaggle/input/datasets/aiolapo/jaundice-image-data/normal/normal (937).jpg,1
neo_skin_core,skin,neonate,0,normal,,train,/kaggle/input/datasets/aiolapo/jaundice-image-data/normal/normal (938).jpg,0
neo_skin_core,skin,neonate,0,normal,,test,/kaggle/input/datasets/aiolapo/jaundice-image-data/normal/normal (939).jpg,0
neo_skin_core,skin,neonate,0,normal,,test,/kaggle/input/datasets/aiolapo/jaundice-image-data/normal/normal (940).jpg,1
neo_skin_core,skin,neonate,0,normal,,train,/kaggle/input/datasets/aiolapo/jaundice-image-data/normal/normal (941).jpg,0
neo_skin_core,skin,neonate,0,normal,,train,/kaggle/input/datasets/aiolapo/jaundice-image-data/normal/normal (942).jpg,0
neo_skin_core,skin,neonate,0,normal,,train,/kaggle/input/datasets/aiolapo/jaundice-image-data/normal/normal (943).jpg,0
neo_skin_core,skin,neonate,0,normal,,train,/kaggle/input/datasets/aiolapo/jaundice-image-data/normal/normal (944).jpg,1
neo_skin_core,skin,neonate,0,normal,,val,/kaggle/input/datasets/aiolapo/jaundice-image-data/normal/normal (945).jpg,0
neo_skin_core,skin,neonate,0,normal,,train,/kaggle/input/datasets/aiolapo/jaundice-image-data/normal/normal (946).jpg,0
neo_skin_core,skin,neonate,0,normal,,val,/kaggle/input/datasets/aiolapo/jaundice-image-data/normal/normal (947).jpg,0
neo_skin_core,skin,neonate,0,normal,,val,/kaggle/input/datasets/aiolapo/jaundice-image-data/normal/normal (948).jpg,0
neo_skin_core,skin,neonate,0,normal,,train,/kaggle/input/datasets/aiolapo/jaundice-image-data/normal/normal (949).jpg,0
neo_skin_core,skin,neonate,0,normal,,train,/kaggle/input/datasets/aiolapo/jaundice-image-data/normal/normal (950).jpg,0
neo_skin_core,skin,neonate,0,normal,,train,/kaggle/input/datasets/aiolapo/jaundice-image-data/normal/normal (951).jpg,1
neo_skin_core,skin,neonate,0,normal,,train,/kaggle/input/datasets/aiolapo/jaundice-image-data/normal/normal (952).jpg,0
neo_skin_core,skin,neonate,0,normal,,test,/kaggle/input/datasets/aiolapo/jaundice-image-data/normal/normal (953).jpg,1
neo_skin_core,skin,neonate,0,normal,,test,/kaggle/input/datasets/aiolapo/jaundice-image-data/normal/normal (954).jpg,1
neo_skin_core,skin,neonate,0,normal,,train,/kaggle/input/datasets/aiolapo/jaundice-image-data/normal/normal (955).jpg,1
neo_skin_core,skin,neonate,0,normal,,train,/kaggle/input/datasets/aiolapo/jaundice-image-data/normal/normal (956).jpg,0
neo_skin_core,skin,neonate,0,normal,,train,/kaggle/input/datasets/aiolapo/jaundice-image-data/normal/normal (957).jpg,0
neo_skin_core,skin,neonate,0,normal,,train,/kaggle/input/datasets/aiolapo/jaundice-image-data/normal/normal (958).jpg,1
neo_skin_core,skin,neonate,0,normal,,train,/kaggle/input/datasets/aiolapo/jaundice-image-data/normal/normal (959).jpg,1
neo_skin_core,skin,neonate,0,normal,,train,/kaggle/input/datasets/aiolapo/jaundice-image-data/normal/normal (960).jpg,1
neo_skin_core,skin,neonate,0,normal,,train,/kaggle/input/datasets/aiolapo/jaundice-image-data/normal/normal (961).jpg,0
neo_skin_core,skin,neonate,0,normal,,train,/kaggle/input/datasets/aiolapo/jaundice-image-data/normal/normal (962).jpg,1
neo_skin_core,skin,neonate,0,normal,,train,/kaggle/input/datasets/aiolapo/jaundice-image-data/normal/normal (963).jpg,1
neo_skin_core,skin,neonate,0,normal,,test,/kaggle/input/datasets/aiolapo/jaundice-image-data/normal/normal (964).jpg,0
neo_skin_core,skin,neonate,0,normal,,train,/kaggle/input/datasets/aiolapo/jaundice-image-data/normal/normal (965).jpg,0
neo_skin_core,skin,neonate,0,normal,,test,/kaggle/input/datasets/aiolapo/jaundice-image-data/normal/normal (966).jpg,0
neo_skin_core,skin,neonate,0,normal,,train,/kaggle/input/datasets/aiolapo/jaundice-image-data/normal/normal (967).jpg,1
neo_skin_core,skin,neonate,0,normal,,train,/kaggle/input/datasets/aiolapo/jaundice-image-data/normal/normal (968).jpg,0
neo_skin_core,skin,neonate,0,normal,,val,/kaggle/input/datasets/aiolapo/jaundice-image-data/normal/normal (969).jpg,0
neo_skin_core,skin,neonate,0,normal,,val,/kaggle/input/datasets/aiolapo/jaundice-image-data/normal/normal (970).jpg,0
neo_skin_core,skin,neonate,0,normal,,test,/kaggle/input/datasets/aiolapo/jaundice-image-data/normal/normal (971).jpg,1
neo_skin_core,skin,neonate,0,normal,,val,/kaggle/input/datasets/aiolapo/jaundice-image-data/normal/normal (972).jpg,1
neo_skin_core,skin,neonate,0,normal,,train,/kaggle/input/datasets/aiolapo/jaundice-image-data/normal/normal (973).jpg,1
neo_skin_core,skin,neonate,0,normal,,train,/kaggle/input/datasets/aiolapo/jaundice-image-data/normal/normal (974).jpg,0
neo_skin_core,skin,neonate,0,normal,,train,/kaggle/input/datasets/aiolapo/jaundice-image-data/normal/normal (975).jpg,1
neo_skin_core,skin,neonate,0,normal,,train,/kaggle/input/datasets/aiolapo/jaundice-image-data/normal/normal (976).jpg,0
neo_skin_core,skin,neonate,0,normal,,train,/kaggle/input/datasets/aiolapo/jaundice-image-data/normal/normal (977).jpg,0
neo_skin_core,skin,neonate,0,normal,,train,/kaggle/input/datasets/aiolapo/jaundice-image-data/normal/normal (978).jpg,0
neo_skin_core,skin,neonate,0,normal,,train,/kaggle/input/datasets/aiolapo/jaundice-image-data/normal/normal (979).jpg,1
neo_skin_core,skin,neonate,0,normal,,train,/kaggle/input/datasets/aiolapo/jaundice-image-data/normal/normal (980).jpg,0
neo_skin_core,skin,neonate,0,normal,,train,/kaggle/input/datasets/aiolapo/jaundice-image-data/normal/normal (981).jpg,0
neo_skin_core,skin,neonate,0,normal,,train,/kaggle/input/datasets/aiolapo/jaundice-image-data/normal/normal (982).jpg,0
neo_skin_core,skin,neonate,0,normal,,train,/kaggle/input/datasets/aiolapo/jaundice-image-data/normal/normal (983).jpg,0
neo_skin_core,skin,neonate,0,normal,,val,/kaggle/input/datasets/aiolapo/jaundice-image-data/normal/normal (984).jpg,1
neo_skin_core,skin,neonate,0,normal,,train,/kaggle/input/datasets/aiolapo/jaundice-image-data/normal/normal (985).jpg,0
neo_skin_core,skin,neonate,0,normal,,test,/kaggle/input/datasets/aiolapo/jaundice-image-data/normal/normal (986).jpg,0
neo_skin_core,skin,neonate,0,normal,,train,/kaggle/input/datasets/aiolapo/jaundice-image-data/normal/normal (987).jpg,0
neo_skin_core,skin,neonate,0,normal,,test,/kaggle/input/datasets/aiolapo/jaundice-image-data/normal/normal (988).jpg,0
neo_skin_core,skin,neonate,0,normal,,train,/kaggle/input/datasets/aiolapo/jaundice-image-data/normal/normal (989).jpg,0
neo_skin_core,skin,neonate,0,normal,,val,/kaggle/input/datasets/aiolapo/jaundice-image-data/normal/normal (990).jpg,0
neo_skin_core,skin,neonate,0,normal,,test,/kaggle/input/datasets/aiolapo/jaundice-image-data/normal/normal (991).jpg,0
neo_skin_core,skin,neonate,0,normal,,train,/kaggle/input/datasets/aiolapo/jaundice-image-data/normal/normal (992).jpg,1
neo_skin_core,skin,neonate,0,normal,,train,/kaggle/input/datasets/aiolapo/jaundice-image-data/normal/normal (993).jpg,0
neo_skin_core,skin,neonate,0,normal,,train,/kaggle/input/datasets/aiolapo/jaundice-image-data/normal/normal (994).jpg,1
neo_skin_core,skin,neonate,0,normal,,train,/kaggle/input/datasets/aiolapo/jaundice-image-data/normal/normal (995).jpg,2
neo_skin_core,skin,neonate,0,normal,,train,/kaggle/input/datasets/aiolapo/jaundice-image-data/normal/normal (996).jpg,2
neo_skin_core,skin,neonate,0,normal,,train,/kaggle/input/datasets/aiolapo/jaundice-image-data/normal/normal (997).jpg,2
neo_skin_core,skin,neonate,0,normal,,train,/kaggle/input/datasets/aiolapo/jaundice-image-data/normal/normal (998).jpg,2
neo_skin_core,skin,neonate,0,normal,,train,/kaggle/input/datasets/aiolapo/jaundice-image-data/normal/normal (999).jpg,2
